ROID,DATE,MSISO,FX_CONTRIB,MSNAME,N_ESC_LEAD,N_ESC,FRESO_AP_CAT_1,FRESO_AP_CAT_2,FRESO_HQ_CAT_1,FRESO_HQ_CAT_2,FRESO_CAT_3,N_MEDS,N_OBS_MS,N_OBS_TC,N_MONITORS_NAT,N_MONITORS_POOL_MS,N_MONITORS_FX,N_MONITORS,N_OBS,N_ESC_OBS_MED
RO-00923,03/01/2019,ITA,60600,Italy,1,76,0,0,0,0,0,2,0,0,0,0,0,0,0,79
RO-00891,03/01/2019,DEU,89576.4,Germany,1,40,0,0,0,0,0,4,0,0,0,1,0,1,0,45
RO-00896,04/01/2019,DEU,179306.11,Germany,1,13,0,0,0,0,0,1,0,0,0,1,0,1,0,15
RO-00868,07/01/2019,DEU,473072.07,Germany,1,110,0,0,0,0,0,1,0,0,0,1,0,1,0,112
RO-00898,08/01/2019,NLD,1361.27,Netherlands,2,7,0,0,0,0,0,1,0,0,2,0,0,2,0,10
RO-00898,08/01/2019,ESP,NA,Spain,1,6,0,0,0,0,0,0,0,0,0,0,0,0,0,7
RO-00925,10/01/2019,ITA,43430,Italy,0,77,0,0,0,0,0,2,0,0,2,0,0,2,0,79
RO-00892,14/01/2019,DEU,73790.38,Germany,1,38,0,0,0,0,0,4,0,0,0,1,0,1,0,43
RO-00888,15/01/2019,DEU,82944.6,Germany,1,40,0,0,0,0,0,2,0,0,0,1,0,1,0,43
RO-00902,15/01/2019,FRA,43317.92,France,2,32,0,0,0,0,0,2,3,0,0,1,0,1,3,39
RO-00902,15/01/2019,BEL,88.31,Belgium,0,0,0,0,0,0,0,0,0,0,0,0,0,0,0,0
RO-00874,15/01/2019,AUT,176343.82,Austria,1,32,0,0,0,0,0,3,0,0,1,0,0,1,0,36
RO-00874,15/01/2019,IRL,NA,Ireland,1,24,0,0,0,0,0,2,0,0,1,0,0,1,0,27
RO-00886,16/01/2019,DEU,91894.27,Germany,1,71,0,0,0,0,0,2,0,0,0,1,0,1,0,74
RO-00887,17/01/2019,DEU,107174.71,Germany,1,44,0,0,0,0,0,1,0,0,0,1,0,1,0,46
RO-00887,17/01/2019,CHE,28711.88,Switzerland,0,0,0,0,0,0,0,0,0,0,0,0,0,0,0,0
RO-00934,17/01/2019,ITA,39895,Italy,1,40,0,0,0,0,0,2,0,0,0,0,0,0,0,43
RO-00904,22/01/2019,FRA,41541.22,France,2,35,0,0,0,0,0,2,3,0,0,1,0,1,3,42
RO-00904,22/01/2019,BEL,88.31,Belgium,0,0,0,0,0,0,0,0,0,0,0,0,0,0,0,0
RO-00901,22/01/2019,DEU,268825.18,Germany,0,46,0,0,0,0,0,2,0,0,0,2,0,2,0,48
RO-00879,22/01/2019,DEU,275038.15,Germany,1,80,0,0,0,0,0,2,0,0,0,1,0,1,0,83
RO-00941,22/01/2019,ITA,53530,Italy,2,72,0,0,0,0,0,2,0,0,0,0,0,0,0,76
RO-00871,22/01/2019,AUT,58797.1,Austria,1,36,0,0,0,0,0,3,0,0,1,0,0,1,0,40
RO-00944,24/01/2019,ITA,39379.9,Italy,1,53,0,0,0,0,0,0,0,0,0,0,0,0,0,54
RO-00882,24/01/2019,DEU,105258.11,Germany,2,37,0,0,0,0,0,1,0,0,0,1,0,1,0,40
RO-00882,24/01/2019,FRA,4886.49,France,0,0,0,0,0,0,0,0,0,0,0,0,0,0,0,0
RO-00882,24/01/2019,SWE,14569.6,Sweden,0,0,0,0,0,0,0,0,0,0,0,0,0,0,0,0
RO-00951,28/01/2019,ITA,37269,Italy,NA,NA,NA,NA,NA,NA,NA,NA,NA,NA,NA,NA,NA,NA,NA,NA
RO-00907,29/01/2019,DEU,275361.83,Germany,1,57,0,0,0,0,0,2,0,0,0,1,0,1,0,60
RO-00905,29/01/2019,FRA,43533.66,France,2,35,0,0,0,0,0,2,3,0,0,1,0,1,3,42
RO-00905,29/01/2019,BEL,170.85,Belgium,0,0,0,0,0,0,0,0,0,0,0,0,0,0,0,0
RO-00889,29/01/2019,DEU,167861.5,Germany,1,45,0,0,0,0,0,2,1,0,2,0,0,2,1,49
RO-00885,29/01/2019,DEU,35990.48,Germany,3,27,0,0,0,0,0,3,2,0,0,1,0,1,2,35
RO-00857,30/01/2019,AUT,380560.69,Austria,1,51,0,0,0,0,0,3,0,0,1,0,0,1,0,55
RO-00857,30/01/2019,CHE,54161.84,Switzerland,1,6,0,0,0,0,0,0,0,0,0,0,0,0,0,7
RO-00857,30/01/2019,DEU,12404.33,Germany,1,29,0,0,0,0,0,0,0,0,0,0,0,0,0,30
RO-00857,30/01/2019,DEU,12404.33,Germany,0,9,0,0,0,0,0,0,0,0,0,0,0,0,0,9
RO-00857,30/01/2019,NOR,50483.84,Norway,1,3,0,0,0,0,0,0,0,0,0,0,0,0,0,4
RO-00857,30/01/2019,SWE,22236.7,Sweden,1,12,0,0,0,0,0,0,0,0,1,0,0,1,0,13
RO-00857,30/01/2019,SWE,22236.7,Sweden,0,2,0,0,0,0,0,0,0,0,0,0,0,0,0,2
RO-00857,30/01/2019,ITA,81385.36,Italy,1,16,0,0,0,0,0,0,0,0,1,0,0,1,0,17
RO-00928,05/02/2019,FRA,43541.64,France,2,35,0,0,0,0,0,2,3,0,0,1,0,1,3,42
RO-00928,05/02/2019,BEL,170.85,Belgium,0,0,0,0,0,0,0,0,0,0,0,0,0,0,0,0
RO-00910,05/02/2019,DEU,76957.02,Germany,1,45,0,0,0,0,0,2,0,0,0,1,0,1,0,48
RO-00894,05/02/2019,AUT,152550.1,Austria,1,29,0,0,0,0,0,3,0,0,1,0,0,1,0,33
RO-00894,05/02/2019,DEU,21999.03,Germany,1,23,0,0,0,0,0,0,0,0,0,0,0,0,0,24
RO-00918,06/02/2019,DEU,95161.14,Germany,1,64,0,0,0,0,0,2,0,0,0,1,0,1,0,67
RO-00931,07/02/2019,ESP,199379.39,Spain,1,68,0,0,0,0,0,2,0,0,2,0,0,2,0,71
RO-00937,09/02/2019,ITA,125822.21,Italy,1,85,0,0,0,0,0,4,0,0,0,0,0,0,0,90
RO-00962,11/02/2019,ITA,39390,Italy,1,45,0,0,0,0,0,2,0,0,0,0,0,0,0,48
RO-00929,12/02/2019,FRA,42154.86,France,2,35,0,0,0,0,0,2,3,0,0,1,0,1,3,42
RO-00929,12/02/2019,BEL,170.85,Belgium,0,0,0,0,0,0,0,0,0,0,0,0,0,0,0,0
RO-00920,12/02/2019,DEU,88528.2,Germany,1,47,0,0,0,0,0,2,0,0,0,1,0,1,0,50
RO-00943,14/02/2019,FIN,80844.95,Finland,1,10,0,0,0,0,0,0,0,0,1,0,0,1,0,11
RO-00875,14/02/2019,AUT,58278.01,Austria,1,15,0,0,0,0,0,3,0,0,1,0,0,1,0,19
RO-00875,14/02/2019,DEU,41578.71,Germany,1,16,0,0,0,0,0,0,0,0,0,0,0,0,0,17
RO-00984,18/02/2019,ITA,36358.99,Italy,1,47,0,0,0,0,0,2,0,0,1,0,0,1,0,50
RO-00869,18/02/2019,DEU,447029.74,Germany,1,93,0,0,0,0,0,1,0,0,0,1,0,1,0,95
RO-00985,19/02/2019,ITA,131939.33,Italy,1,71,0,0,0,0,0,4,0,0,2,0,0,2,0,76
RO-00930,19/02/2019,FRA,42233.25,France,2,32,0,0,0,0,0,2,3,0,0,1,0,1,3,39
RO-00930,19/02/2019,BEL,170.85,Belgium,0,0,0,0,0,0,0,0,0,0,0,0,0,0,0,0
RO-00883,21/02/2019,DEU,103975.33,Germany,1,38,0,0,0,0,0,1,1,0,0,1,0,1,1,41
RO-00883,21/02/2019,FRA,5393.37,France,0,0,0,0,0,0,0,0,0,0,0,0,0,0,0,0
RO-00883,21/02/2019,LUX,1286.41,Luxembourg,0,0,0,0,0,0,0,0,0,0,0,0,0,0,0,0
RO-00927,25/02/2019,DEU,195123.33,Germany,1,66,0,0,0,0,0,2,0,0,0,1,0,1,0,69
RO-00932,26/02/2019,FRA,44004.95,France,2,33,0,0,0,0,0,2,4,0,0,1,0,1,4,41
RO-00932,26/02/2019,BEL,170.85,Belgium,0,0,0,0,0,0,0,0,0,0,0,0,0,0,0,0
RO-00926,26/02/2019,DEU,195123.33,Germany,0,44,0,0,0,0,0,4,0,0,0,1,0,1,0,48
RO-00957,27/02/2019,DEU,191297.61,Germany,1,50,0,0,0,0,0,1,0,0,0,1,0,1,0,52
RO-00933,27/02/2019,ESP,363121.88,Spain,1,95,0,0,0,0,0,2,0,0,2,0,0,2,0,98
RO-00933,27/02/2019,FIN,70067.69,Finland,1,9,0,0,0,0,0,0,0,0,0,0,0,0,0,10
RO-00858,27/02/2019,AUT,369525.02,Austria,1,63,0,0,0,0,0,3,0,0,1,0,0,1,0,67
RO-00858,27/02/2019,FRA,11521.64,France,1,6,0,0,0,0,0,0,0,0,0,0,0,0,0,7
RO-00858,27/02/2019,DEU,67099.27,Germany,0,8,0,0,0,0,0,0,0,0,0,0,0,0,0,8
RO-00858,27/02/2019,DEU,67099.27,Germany,1,50,0,0,0,0,0,0,0,0,0,0,0,0,0,51
RO-00858,27/02/2019,SWE,25803.56,Sweden,1,1,0,0,0,0,0,0,0,0,1,0,0,1,0,2
RO-00858,27/02/2019,SWE,25803.56,Sweden,0,4,0,0,0,0,0,0,0,0,0,0,0,0,0,4
RO-00858,27/02/2019,CHE,33980.81,Switzerland,0,8,0,0,0,0,0,0,0,0,0,0,0,0,0,8
RO-00942,28/02/2019,DEU,52064.03,Germany,1,17,0,0,0,0,0,1,0,0,0,1,0,1,0,19
RO-00991,04/03/2019,ITA,38380,Italy,1,45,0,0,0,0,0,2,0,0,0,0,0,0,0,48
RO-00945,05/03/2019,DEU,70687.21,Germany,1,71,0,0,0,0,0,2,0,0,0,1,0,1,0,74
RO-00914,06/03/2019,CHE,275086.34,Switzerland,1,25,0,0,0,0,0,4,0,0,1,0,0,1,0,30
RO-00914,06/03/2019,DEU,27257.09,Germany,1,3,0,0,0,0,0,0,0,0,0,0,0,0,0,4
RO-00954,07/03/2019,FRA,44144.2,France,2,35,0,0,0,0,0,2,3,0,0,1,0,1,3,42
RO-00954,07/03/2019,BEL,170.85,Belgium,0,0,0,0,0,0,0,0,0,0,0,0,0,0,0,0
RO-00935,07/03/2019,DEU,100980.56,Germany,1,34,0,0,0,0,0,2,0,0,0,1,0,1,0,37
RO-00853,12/03/2019,SWE,501562.19,Sweden,2,46,0,0,0,0,0,2,1,0,1,0,0,1,1,51
RO-00853,12/03/2019,AUT,2822.95,Austria,1,43,0,0,0,0,0,0,0,0,1,0,0,1,0,44
RO-00853,12/03/2019,HUN,6810.21,Hungary,1,4,0,0,0,0,5,0,0,0,0,0,0,0,0,5
RO-00853,12/03/2019,GRC,NA,Greece,1,9,0,0,0,0,0,0,0,0,0,0,0,0,0,10
RO-00853,12/03/2019,CZE,4369.26,Czech Republic,0,0,0,0,0,0,3,0,0,0,0,0,0,0,0,0
RO-00853,12/03/2019,SVN,3660.24,Slovenia,0,0,0,0,0,0,3,0,0,0,0,0,0,0,0,0
RO-00853,12/03/2019,BGR,10194.94,Bulgaria,0,0,0,0,0,0,7,0,0,0,0,0,0,0,0,0
RO-00853,12/03/2019,DNK,1826.08,Denmark,NA,NA,NA,NA,NA,NA,NA,NA,NA,NA,NA,NA,NA,NA,NA,NA
RO-00956,12/03/2019,FRA,40979.9,France,2,34,0,0,0,0,0,2,0,0,0,1,0,1,0,38
RO-00956,12/03/2019,BEL,170.85,Belgium,0,0,0,0,0,0,0,0,0,0,0,0,0,0,0,0
RO-00961,13/03/2019,DEU,98101.69,Germany,1,71,0,0,0,0,0,2,0,0,0,1,0,1,0,74
RO-00915,13/03/2019,GRC,NA,Greece,1,16,0,0,0,0,0,1,0,0,2,0,0,2,0,18
RO-00915,13/03/2019,SWE,38350.29,Sweden,1,5,0,0,0,0,0,0,0,0,1,0,0,1,0,6
RO-00997,14/03/2019,ITA,34843.99,Italy,1,43,0,0,0,0,0,2,0,0,0,0,0,0,0,46
RO-00990,14/03/2019,DEU,154061.15,Germany,1,9,0,0,0,0,0,1,0,0,0,0,0,0,0,11
RO-00960,14/03/2019,DEU,50419.79,Germany,1,16,0,0,0,0,0,2,0,0,0,1,0,1,0,19
RO-00936,14/03/2019,DEU,83487.54,Germany,2,38,0,0,0,0,0,1,0,0,0,1,0,1,0,41
RO-00998,15/03/2019,ITA,43428.99,Italy,2,58,0,0,0,0,0,2,0,0,0,0,0,0,0,62
RO-00860,15/03/2019,AUT,80340.65,Austria,1,45,0,0,0,0,0,3,0,0,1,0,0,1,0,49
RO-00860,15/03/2019,DEU,42142.05,Germany,1,14,0,0,0,0,0,0,0,0,0,0,0,0,0,15
RO-00983,19/03/2019,AUT,59160.14,Austria,1,40,0,0,0,0,0,3,0,0,1,0,0,1,0,44
RO-00983,19/03/2019,SVN,260.74,Slovenia,1,2,0,0,0,0,0,0,0,0,0,0,0,0,0,3
RO-00955,19/03/2019,FRA,43735.91,France,2,35,0,0,0,0,0,2,3,0,0,1,0,1,3,42
RO-00955,19/03/2019,BEL,170.85,Belgium,0,0,0,0,0,0,0,0,0,0,0,0,0,0,0,0
RO-00870,19/03/2019,DEU,442426.1,Germany,1,75,0,0,0,0,0,1,0,0,0,1,0,1,0,77
RO-00988,26/03/2019,BEL,240169.43,Belgium,2,28,0,0,0,0,0,1,1,0,3,0,0,3,1,32
RO-00988,26/03/2019,AUT,7265.94,Austria,1,2,0,0,0,0,0,0,0,0,1,0,0,1,0,3
RO-00988,26/03/2019,NLD,5511.6,Netherlands,1,5,0,0,0,0,3,0,0,0,0,0,0,0,0,6
RO-00988,26/03/2019,HUN,4179.69,Hungary,1,2,0,0,0,0,0,0,0,0,0,0,0,0,0,3
RO-00988,26/03/2019,CHE,44655.32,Switzerland,1,7,0,0,0,0,0,0,0,0,0,0,0,0,0,8
RO-00988,26/03/2019,DEU,25161.05,Germany,1,2,0,0,0,0,0,0,0,0,0,0,0,0,0,3
RO-00988,26/03/2019,PRT,NA,Portugal,0,0,0,0,0,0,2,0,0,0,0,0,0,0,0,0
RO-00988,26/03/2019,BGR,8150.7,Bulgaria,0,0,0,0,0,0,6,0,0,0,0,0,0,0,0,0
RO-00958,26/03/2019,FRA,42660.85,France,2,32,0,0,0,0,0,2,3,0,0,1,0,1,3,39
RO-00958,26/03/2019,BEL,170.85,Belgium,0,0,0,0,0,0,0,0,0,0,0,0,0,0,0,0
RO-00946,26/03/2019,DEU,100825.91,Germany,1,42,0,0,0,0,0,4,0,0,0,1,0,1,0,47
RO-00884,26/03/2019,DEU,104180.52,Germany,2,37,0,0,0,0,0,1,0,0,0,1,0,1,0,40
RO-00884,26/03/2019,FRA,4931.48,France,0,0,0,0,0,0,0,0,0,0,0,0,0,0,0,0
RO-00996,28/03/2019,ESP,192969.25,Spain,1,77,0,0,0,0,0,2,0,0,2,0,0,2,0,80
RO-00967,28/03/2019,DEU,317667.5,Germany,1,74,0,0,0,0,0,2,1,0,0,1,0,1,1,78
RO-00939,28/03/2019,DEU,277071.17,Germany,1,79,0,0,0,0,0,2,0,0,0,1,0,1,0,82
RO-01007,29/03/2019,FRA,37307.38,France,1,22,0,0,0,0,0,0,0,0,0,0,0,0,0,23
RO-00993,30/03/2019,ITA,32545.22,Italy,2,105,0,0,0,0,0,2,0,0,1,0,0,1,0,109
RO-00993,30/03/2019,BEL,310858.51,Belgium,0,0,0,0,0,0,0,0,0,0,0,0,0,0,0,0
RO-01010,01/04/2019,ITA,44743,Italy,2,87,0,0,0,0,0,2,0,0,0,0,0,0,0,91
RO-00975,02/04/2019,FRA,43691.47,France,2,34,0,0,0,0,0,2,3,0,0,1,0,1,3,41
RO-00975,02/04/2019,BEL,170.85,Belgium,0,0,0,0,0,0,0,0,0,0,0,0,0,0,0,0
RO-00999,02/04/2019,DEU,171078.67,Germany,1,39,0,0,0,0,0,1,0,0,0,1,0,1,0,41
RO-00986,03/04/2019,AUT,58994.1,Austria,1,26,0,0,0,0,0,3,0,0,1,0,0,1,0,30
RO-00964,05/04/2019,DEU,45674.77,Germany,1,23,0,0,0,0,0,2,0,0,0,1,0,1,0,26
RO-01016,08/04/2019,ITA,40501,Italy,1,69,0,0,0,0,0,2,0,0,0,0,0,0,0,72
RO-00959,09/04/2019,DEU,70146.81,Germany,1,28,0,0,0,0,0,2,0,0,0,2,0,2,0,31
RO-00976,09/04/2019,FRA,43253.89,France,2,45,0,0,0,0,0,2,3,0,0,1,0,1,3,52
RO-00976,09/04/2019,BEL,170.85,Belgium,0,0,0,0,0,0,0,0,0,0,0,0,0,0,0,0
RO-00980,09/04/2019,DEU,137139.2,Germany,1,61,0,0,0,0,0,3,0,0,1,1,0,2,0,65
RO-00859,10/04/2019,AUT,325374.67,Austria,1,43,0,0,0,0,0,3,1,0,1,0,0,1,1,48
RO-00859,10/04/2019,FRA,13815.12,France,1,7,0,0,0,0,0,0,0,0,0,0,0,0,0,8
RO-00859,10/04/2019,DEU,14480.64,Germany,1,35,0,0,0,0,0,0,0,0,0,0,0,0,0,36
RO-00859,10/04/2019,HUN,855.79,Hungary,1,2,0,0,0,0,0,0,0,0,0,0,0,0,0,3
RO-00859,10/04/2019,SWE,38237.14,Sweden,1,7,0,0,0,0,0,0,0,0,1,0,0,1,0,8
RO-00987,10/04/2019,DEU,98327.49,Germany,1,74,0,0,0,0,0,2,0,0,0,1,0,1,0,77
RO-00952,11/04/2019,DEU,102025.6,Germany,1,41,0,0,0,0,0,2,0,0,0,1,0,1,0,44
RO-00977,16/04/2019,FRA,43062.72,France,2,35,0,0,0,0,0,2,4,0,0,1,0,1,4,43
RO-00977,16/04/2019,FIN,35330.81,Finland,0,0,0,0,0,0,0,0,0,0,0,0,0,0,0,0
RO-00977,16/04/2019,BEL,170.85,Belgium,0,0,0,0,0,0,0,0,0,0,0,0,0,0,0,0
RO-00982,16/04/2019,AUT,305103.83,Austria,1,23,0,0,0,0,0,3,0,0,1,0,0,1,0,27
RO-00982,16/04/2019,SWE,20219.8,Sweden,1,5,0,0,0,0,0,0,0,0,1,0,0,1,0,6
RO-00982,16/04/2019,POL,3951.12,Poland,1,3,0,0,0,0,0,0,0,0,0,0,0,0,0,4
RO-00982,16/04/2019,SVN,951.58,Slovenia,1,3,0,0,0,0,0,0,0,0,0,0,0,0,0,4
RO-00982,16/04/2019,HUN,1242.62,Hungary,1,2,0,0,0,0,0,0,0,0,0,0,0,0,0,3
RO-00982,16/04/2019,DEU,76302.45,Germany,1,83,0,0,0,0,0,0,0,0,0,0,0,0,0,84
RO-01000,18/04/2019,DEU,94303.3,Germany,1,41,0,0,0,0,0,4,0,0,0,1,0,1,0,46
RO-01030,18/04/2019,ITA,49995,Italy,2,53,0,0,0,0,0,2,0,0,0,0,0,0,0,57
RO-01021,18/04/2019,ITA,2045.24,Italy,2,108,0,0,0,0,0,2,0,0,2,0,0,2,0,112
RO-00978,24/04/2019,FRA,41367.26,France,2,35,0,0,0,0,0,2,3,0,0,1,0,1,3,42
RO-00978,24/04/2019,NLD,4072.8,Netherlands,0,0,0,0,0,0,0,0,0,0,0,0,0,0,0,0
RO-00978,24/04/2019,BEL,170.85,Belgium,0,0,0,0,0,0,0,0,0,0,0,0,0,0,0,0
RO-01024,24/04/2019,DEU,436620.18,Germany,1,68,0,0,0,0,0,2,1,0,0,1,0,1,1,72
RO-01025,25/04/2019,ESP,147697.68,Spain,1,101,0,0,0,0,0,2,0,0,2,0,0,2,0,104
RO-01008,26/04/2019,FRA,124346.53,France,1,43,0,0,0,0,0,1,0,0,0,1,0,1,0,45
RO-00953,30/04/2019,DEU,171205.28,Germany,1,43,0,0,0,0,0,3,0,0,1,1,0,2,0,47
RO-01046,30/04/2019,FRA,43691.56,France,1,37,0,0,0,0,0,2,3,0,0,1,0,1,3,43
RO-01046,30/04/2019,BEL,164.79,Belgium,0,0,0,0,0,0,0,0,0,0,0,0,0,0,0,0
RO-00965,06/05/2019,DEU,375950.6,Germany,1,82,0,0,0,0,0,1,0,0,1,0,0,1,0,84
RO-00965,06/05/2019,NLD,NA,Netherlands,0,0,0,0,0,0,0,0,3,0,0,0,0,0,3,3
RO-00965,06/05/2019,DNK,22001.02,Denmark,1,6,0,0,0,0,0,0,0,0,0,0,0,0,0,7
RO-01017,07/05/2019,FRA,41152.79,France,2,35,0,0,0,0,0,2,3,0,0,1,0,1,3,42
RO-01017,07/05/2019,BEL,130.69,Belgium,0,0,0,0,0,0,0,0,0,0,0,0,0,0,0,0
RO-01011,07/05/2019,HUN,9385.65,Hungary,1,12,0,0,0,0,0,2,0,0,1,0,0,1,0,15
RO-01011,07/05/2019,AUT,342640.48,Austria,1,44,0,0,0,0,0,3,0,0,1,0,0,1,0,48
RO-01011,07/05/2019,SWE,60509.59,Sweden,NA,NA,NA,NA,NA,NA,NA,NA,NA,NA,NA,NA,NA,NA,NA,NA
RO-01011,07/05/2019,BGR,10559.55,Bulgaria,1,8,0,0,0,0,0,0,0,0,0,0,0,0,0,9
RO-00947,07/05/2019,DEU,40282.1,Germany,1,22,0,0,0,0,0,1,0,0,0,1,0,1,0,24
RO-01004,08/05/2019,DEU,100767.59,Germany,1,69,0,0,0,0,0,2,0,0,0,2,0,2,0,72
RO-00994,08/05/2019,ESP,385976.91,Spain,1,96,0,0,0,0,0,2,0,0,2,0,0,2,0,99
RO-01055,09/05/2019,ITA,50096,Italy,1,86,0,0,0,0,0,2,0,0,0,0,0,0,0,89
RO-01040,09/05/2019,FIN,41116.09,Finland,1,3,0,0,0,0,0,1,0,0,1,0,0,1,0,5
RO-01018,14/05/2019,FRA,43789.09,France,2,35,0,0,0,0,0,2,3,0,0,1,0,1,3,42
RO-01028,15/05/2019,DEU,76693.29,Germany,1,45,0,0,0,0,0,2,0,0,0,1,0,1,0,48
RO-00974,15/05/2019,AUT,318418.72,Austria,1,45,0,0,0,0,0,3,1,0,1,0,0,1,1,50
RO-00974,15/05/2019,DEU,38502.3,Germany,1,37,0,0,0,0,0,0,0,0,0,0,0,0,0,38
RO-00974,15/05/2019,ROU,6266.04,Romania,1,5,0,0,0,0,0,0,0,0,0,0,0,0,0,6
RO-00974,15/05/2019,FIN,38371.92,Finland,1,6,0,0,0,0,0,0,0,0,0,0,0,0,0,7
RO-00974,15/05/2019,BGR,7108.38,Bulgaria,1,6,0,0,0,0,0,0,0,0,0,0,0,0,0,7
RO-00974,15/05/2019,CZE,2353.3,Czech Republic,1,8,0,0,0,0,0,0,0,0,1,0,0,1,0,9
RO-00974,15/05/2019,LUX,5692.7,Luxembourg,2,3,0,0,0,0,0,0,0,0,1,0,0,1,0,5
RO-00974,15/05/2019,BEL,4254.36,Belgium,0,0,0,0,0,0,0,0,0,0,0,0,0,0,0,0
RO-00963,15/05/2019,DEU,58716.75,Germany,1,50,0,0,0,0,0,1,0,0,0,1,0,1,0,52
RO-01058,16/05/2019,ITA,48379,Italy,1,68,0,0,0,0,0,2,0,0,0,0,0,0,0,71
RO-01057,16/05/2019,FRA,39592,France,1,22,0,0,0,0,0,0,0,0,0,0,0,0,0,23
RO-01014,16/05/2019,DEU,54890.25,Germany,1,18,0,0,0,0,0,1,0,0,0,1,0,1,0,20
RO-01013,16/05/2019,DEU,112102.39,Germany,1,63,0,0,0,0,0,3,0,0,0,2,0,2,0,67
RO-01026,20/05/2019,DEU,325765.24,Germany,1,90,0,0,0,0,0,2,0,0,0,1,0,1,0,93
RO-01026,20/05/2019,GRC,NA,Greece,1,2,0,0,0,0,0,0,0,0,0,0,0,0,0,3
RO-01043,21/05/2019,DEU,432618.87,Germany,1,57,0,0,0,0,0,1,0,0,0,1,0,1,0,59
RO-01019,21/05/2019,FRA,42224.52,France,0,36,0,0,0,0,0,2,3,0,0,1,0,1,3,41
RO-01019,21/05/2019,BEL,130.98,Belgium,0,0,0,0,0,0,0,0,0,0,0,0,0,0,0,0
RO-00966,22/05/2019,DEU,106453.51,Germany,1,38,0,0,0,0,0,1,0,0,0,1,0,1,0,40
RO-00966,22/05/2019,ISL,97091.3,Iceland,0,0,0,0,0,0,0,0,0,0,0,0,0,0,0,0
RO-00966,22/05/2019,SWE,12888.05,Sweden,0,0,0,0,0,0,0,0,0,0,0,0,0,0,0,0
RO-01022,23/05/2019,ESP,148899.58,Spain,1,62,0,0,0,0,0,2,0,0,2,0,0,2,0,65
RO-01015,23/05/2019,AUT,159370.93,Austria,1,37,0,0,0,0,0,3,0,0,1,0,0,1,0,41
RO-01015,23/05/2019,DEU,21048.42,Germany,1,40,0,0,0,0,0,1,0,0,0,0,0,0,0,42
RO-01078,24/05/2019,ITA,62620,Italy,1,50,0,0,0,0,0,2,0,0,0,0,0,0,0,53
RO-01081,27/05/2019,ITA,50399,Italy,1,62,0,0,0,0,0,2,0,0,0,0,0,0,0,65
RO-01006,27/05/2019,CHE,449991.26,Switzerland,1,34,0,0,0,0,0,4,1,0,0,0,0,0,1,40
RO-01006,27/05/2019,AUT,7459.86,Austria,1,11,0,0,0,0,0,0,1,0,1,0,0,1,1,13
RO-01006,27/05/2019,AUT,7459.86,Austria,0,13,0,0,0,0,0,0,0,0,0,0,0,0,0,13
RO-01059,28/05/2019,SWE,574211.93,Sweden,2,64,0,0,0,0,0,3,0,0,1,0,0,1,0,69
RO-01059,28/05/2019,AUT,2665.39,Austria,1,34,0,0,0,0,0,0,0,0,1,0,0,1,0,35
RO-01059,28/05/2019,BGR,5423.7,Bulgaria,1,4,0,0,0,0,0,0,0,0,0,0,0,0,0,5
RO-01044,28/05/2019,AUT,62120.56,Austria,1,23,0,0,0,0,0,3,0,0,1,0,0,1,0,27
RO-01020,28/05/2019,FRA,42754.79,France,1,36,0,0,0,0,0,2,3,0,0,1,0,1,3,42
RO-01020,28/05/2019,BEL,131.54,Belgium,0,0,0,0,0,0,0,0,0,0,0,0,0,0,0,0
RO-01005,28/05/2019,DEU,100231.97,Germany,1,45,0,0,0,0,0,1,0,0,0,1,0,1,0,47
RO-01003,29/05/2019,DEU,85569.42,Germany,1,44,0,0,0,0,0,2,0,0,0,1,0,1,0,47
RO-01083,30/05/2019,ITA,44440,Italy,2,51,0,0,0,0,0,2,0,0,0,0,0,0,0,55
RO-01054,03/06/2019,SWE,211429.58,Sweden,2,23,0,0,0,0,0,2,0,0,1,0,0,1,0,27
RO-01054,03/06/2019,FIN,22814.89,Finland,1,10,0,0,0,0,0,0,0,0,1,0,0,1,0,11
RO-01054,03/06/2019,NOR,37614.08,Norway,1,6,0,0,0,0,0,0,1,0,0,0,0,0,1,8
RO-01029,03/06/2019,DEU,107709.32,Germany,1,45,0,0,0,0,0,2,0,0,0,1,0,1,0,48
RO-01029,03/06/2019,FIN,38854.7,Finland,1,10,0,0,0,0,0,0,0,0,0,0,0,0,0,11
RO-01069,04/06/2019,FRA,42218.46,France,1,37,0,0,0,0,0,2,3,0,0,1,0,1,3,43
RO-01069,04/06/2019,BEL,127.95,Belgium,0,0,0,0,0,0,0,0,0,0,0,0,0,0,0,0
RO-01009,04/06/2019,DEU,94223.33,Germany,1,36,0,0,0,0,0,1,2,0,0,1,0,1,2,40
RO-01009,04/06/2019,FRA,5793.09,France,0,0,0,0,0,0,0,0,0,0,0,0,0,0,0,0
RO-01039,05/06/2019,DEU,100069.8,Germany,1,74,0,0,0,0,0,2,0,0,0,1,0,1,0,77
RO-01091,06/06/2019,ESP,59007.74,Spain,1,29,0,0,0,0,0,2,0,0,2,0,0,2,0,32
RO-01045,06/06/2019,AUT,69874.93,Austria,1,32,0,0,0,0,0,3,0,0,1,0,0,1,0,36
RO-01031,06/06/2019,DEU,324739.65,Germany,1,67,0,0,0,0,0,2,0,0,0,1,0,1,0,70
RO-01031,06/06/2019,POL,5555,Poland,1,4,0,0,0,0,0,0,0,0,0,0,0,0,0,5
RO-01012,06/06/2019,DEU,103474.87,Germany,1,68,0,0,0,0,0,3,0,0,0,2,0,2,0,72
RO-01096,10/06/2019,ITA,47975,Italy,2,87,0,0,0,0,0,2,0,0,1,0,0,1,0,91
RO-01097,11/06/2019,ITA,67619.5,Italy,3,55,0,0,0,0,0,2,0,0,0,0,0,0,0,60
RO-01063,11/06/2019,DEU,394538.79,Germany,1,59,0,0,0,0,0,1,0,0,0,2,0,2,0,61
RO-01027,11/06/2019,DEU,106759.88,Germany,1,58,0,0,0,0,0,4,2,0,0,1,0,1,2,65
RO-00855,11/06/2019,SWE,541261.13,Sweden,2,63,0,0,0,0,0,2,1,0,1,0,0,1,1,68
RO-00855,11/06/2019,AUT,3222.91,Austria,1,39,0,0,0,0,0,0,0,0,1,0,0,1,0,40
RO-01074,12/06/2019,FRA,47727.69,France,1,48,0,0,0,0,0,1,0,0,0,1,0,1,0,50
RO-01065,12/06/2019,DEU,159075.73,Germany,1,39,0,0,0,0,0,1,0,0,0,1,0,1,0,41
RO-01053,12/06/2019,DEU,181741.08,Germany,1,6,0,0,0,0,0,1,0,0,0,1,0,1,0,8
RO-01001,13/06/2019,DEU,424935.72,Germany,1,74,0,0,0,0,0,4,0,0,0,1,0,1,0,79
RO-01001,13/06/2019,AUT,66700.4,Austria,1,19,0,0,0,0,0,0,1,0,1,0,0,1,1,21
RO-01107,17/06/2019,ITA,50348.5,Italy,1,62,0,0,0,0,0,2,0,0,0,0,0,0,0,65
RO-01080,17/06/2019,DEU,433463.22,Germany,1,46,0,0,0,0,0,1,0,0,0,1,0,1,0,48
RO-01070,18/06/2019,FRA,42592.69,France,1,38,0,0,0,0,0,2,3,0,0,1,0,1,3,44
RO-01070,18/06/2019,BEL,130.41,Belgium,0,0,0,0,0,0,0,0,0,0,0,0,0,0,0,0
RO-01042,18/06/2019,SWE,486617.58,Sweden,1,54,0,0,0,0,0,2,0,0,1,0,0,1,0,57
RO-01095,22/06/2019,ITA,137510.72,Italy,2,108,0,0,0,0,0,2,0,0,3,0,0,3,0,112
RO-01112,24/06/2019,ITA,52015,Italy,2,63,0,0,0,0,0,2,0,0,0,0,0,0,0,67
RO-01071,25/06/2019,FRA,41441.57,France,1,37,0,0,0,0,0,2,3,0,0,1,0,1,3,43
RO-01071,25/06/2019,BEL,130.69,Belgium,0,0,0,0,0,0,0,0,0,0,0,0,0,0,0,0
RO-01002,25/06/2019,DEU,282251.92,Germany,1,87,0,0,0,0,0,3,1,0,0,2,0,2,1,92
RO-01002,25/06/2019,FRA,4152.69,France,1,7,0,0,0,0,0,0,0,0,0,0,0,0,0,8
RO-01002,25/06/2019,CHE,41158.69,Switzerland,1,7,0,0,0,0,0,0,0,0,0,0,0,0,0,8
RO-01002,25/06/2019,ITA,79259.75,Italy,2,11,0,0,0,0,0,0,0,0,0,0,0,0,0,13
RO-00949,25/06/2019,DEU,39115,Germany,1,24,0,0,0,0,0,1,1,0,0,1,0,1,1,27
RO-00970,26/06/2019,AUT,394966.18,Austria,1,74,0,0,0,0,0,3,0,0,1,0,0,1,0,78
RO-00970,26/06/2019,CHE,46141.86,Switzerland,1,13,0,0,0,0,0,0,0,0,0,0,0,0,0,14
RO-00970,26/06/2019,DEU,28869.01,Germany,1,30,0,0,0,0,0,0,0,0,0,0,0,0,0,31
RO-00970,26/06/2019,BGR,5423.7,Bulgaria,1,4,0,0,0,0,0,0,0,0,0,0,0,0,0,5
RO-00970,26/06/2019,HUN,914.94,Hungary,1,6,0,0,0,0,0,0,0,0,0,0,0,0,0,7
RO-01114,27/06/2019,ITA,49338.5,Italy,2,60,0,0,0,0,0,2,0,0,0,0,0,0,0,64
RO-01092,27/06/2019,ESP,146095.16,Spain,1,67,0,0,0,0,0,2,0,0,2,0,0,2,0,70
RO-01035,27/06/2019,DEU,106451.88,Germany,1,42,0,0,0,0,0,4,0,0,0,1,0,1,0,47
RO-01032,27/06/2019,DEU,91918.64,Germany,1,38,0,0,0,0,0,2,0,0,0,1,0,1,0,41
RO-01072,28/06/2019,FRA,104822.37,France,1,34,0,0,0,0,0,2,4,0,0,1,0,1,4,41
RO-01119,01/07/2019,ITA,48884,Italy,1,70,0,0,0,0,0,2,0,0,0,0,0,0,0,73
RO-01102,02/07/2019,FRA,42379.23,France,1,38,0,0,0,0,0,2,3,0,0,1,0,1,3,44
RO-01102,02/07/2019,BEL,135.22,Belgium,0,0,0,0,0,0,0,0,0,0,0,0,0,0,0,0
RO-01047,02/07/2019,DEU,125277.64,Germany,1,64,0,0,0,0,0,3,0,0,0,1,0,1,0,68
RO-01061,03/07/2019,DEU,96212.76,Germany,1,67,0,0,0,0,0,2,0,0,0,1,0,1,0,70
RO-01120,04/07/2019,ITA,49742.5,Italy,2,76,0,0,0,0,0,2,0,0,0,0,0,0,0,80
RO-01060,04/07/2019,AUT,130827.32,Austria,1,40,0,0,0,0,0,3,0,0,1,0,0,1,0,44
RO-01060,04/07/2019,DEU,35466.33,Germany,0,34,0,0,0,0,0,1,0,0,0,0,0,0,0,35
RO-01060,04/07/2019,DEU,35466.33,Germany,1,3,0,0,0,0,0,0,0,0,0,0,0,0,0,4
RO-01121,09/07/2019,ITA,62620,Italy,2,74,0,0,0,0,0,2,0,0,0,0,0,0,0,78
RO-01103,09/07/2019,FRA,43213.26,France,1,37,0,0,0,0,0,2,3,0,0,1,0,1,3,43
RO-01103,09/07/2019,BEL,1394.61,Belgium,0,0,0,0,0,0,0,0,0,0,0,0,0,0,0,0
RO-01122,11/07/2019,ITA,62468.5,Italy,1,45,0,0,0,0,0,2,0,0,0,0,0,0,0,48
RO-01073,11/07/2019,DEU,114447.54,Germany,1,37,0,0,0,0,0,2,0,0,0,1,0,1,0,40
RO-01139,15/07/2019,ITA,56812.5,Italy,1,63,0,0,0,0,0,2,0,0,0,0,0,0,0,66
RO-01094,15/07/2019,DEU,329803.2,Germany,1,80,0,0,0,0,0,2,0,0,1,1,0,2,0,83
RO-01106,16/07/2019,DEU,284147.6,Germany,1,38,0,0,0,0,0,1,0,0,0,1,0,1,0,40
RO-01104,16/07/2019,FRA,43402.89,France,1,38,0,0,0,0,0,2,3,0,0,1,0,1,3,44
RO-01104,16/07/2019,BEL,130.69,Belgium,0,0,0,0,0,0,0,0,0,0,0,0,0,0,0,0
RO-01125,17/07/2019,ITA,142838.06,Italy,3,85,0,0,0,0,0,2,0,0,0,0,0,0,0,90
RO-01125,17/07/2019,BGR,3169.38,Bulgaria,1,2,0,0,0,0,0,0,0,0,0,0,0,0,0,3
RO-01124,17/07/2019,ESP,360988.02,Spain,1,96,0,0,0,0,0,2,0,0,2,0,0,2,0,99
RO-01124,17/07/2019,POL,7372.5,Poland,1,3,0,0,0,0,0,0,0,0,0,0,0,0,0,4
RO-01124,17/07/2019,BGR,4565.2,Bulgaria,1,3,0,0,0,0,0,0,0,0,0,0,0,0,0,4
RO-01146,18/07/2019,ITA,53782.5,Italy,2,53,0,0,0,0,0,2,0,0,0,0,0,0,0,57
RO-01036,22/07/2019,DEU,351339.2,Germany,1,66,0,0,0,0,0,2,0,0,1,1,0,2,0,69
RO-01075,23/07/2019,DEU,39095.74,Germany,2,24,0,0,0,0,0,1,0,0,0,1,0,1,0,27
RO-00916,23/07/2019,GRC,NA,Greece,1,47,0,0,0,0,0,1,0,0,2,0,0,2,0,49
RO-00916,23/07/2019,SWE,48167.39,Sweden,1,6,0,0,0,0,0,0,0,0,0,0,0,0,0,7
RO-00973,24/07/2019,AUT,370970.33,Austria,1,19,0,0,0,0,0,3,1,0,1,0,0,1,1,24
RO-00973,24/07/2019,SWE,18097.47,Sweden,1,4,0,0,0,0,0,0,0,0,1,0,0,1,0,5
RO-00973,24/07/2019,DEU,29938,Germany,1,32,0,0,0,0,0,0,0,0,0,0,0,0,0,33
RO-00989,25/07/2019,DEU,102682.24,Germany,1,38,0,0,0,0,0,1,0,0,0,1,0,1,0,40
RO-00989,25/07/2019,FRA,3985.07,France,0,0,0,0,0,0,0,0,0,0,0,0,0,0,0,0
RO-01147,29/07/2019,ITA,58681,Italy,2,64,0,0,0,0,0,2,0,0,3,0,0,3,0,68
RO-01088,30/07/2019,DEU,448621.26,Germany,1,73,0,0,0,0,0,2,0,0,0,1,0,1,0,76
RO-01153,01/08/2019,ITA,49692,Italy,2,58,0,0,0,0,0,2,0,0,0,0,0,0,0,62
RO-01155,08/08/2019,ITA,55449,Italy,2,84,0,0,0,0,0,2,0,0,0,0,0,0,0,88
RO-01076,13/08/2019,DEU,105160.98,Germany,1,25,0,0,0,0,0,2,0,0,0,1,0,1,0,28
RO-01099,13/08/2019,DEU,108563.83,Germany,1,44,0,0,0,0,0,4,0,0,1,1,0,2,0,49
RO-01127,13/08/2019,FRA,43320.34,France,1,38,0,0,0,0,0,2,3,0,0,1,0,1,3,44
RO-01127,13/08/2019,BEL,197.72,Belgium,0,0,0,0,0,0,0,0,0,0,0,0,0,0,0,0
RO-01156,15/08/2019,ITA,52015,Italy,2,73,0,0,0,0,0,2,0,0,0,0,0,0,0,77
RO-01123,19/08/2019,DEU,334094.07,Germany,1,82,0,0,0,0,0,2,0,0,0,2,0,2,0,85
RO-01123,19/08/2019,BGR,4565.2,Bulgaria,1,3,0,0,0,0,0,0,0,0,0,0,0,0,0,4
RO-01123,19/08/2019,PRT,681.75,Portugal,1,2,0,0,0,0,0,0,0,0,0,0,0,0,0,3
RO-01166,19/08/2019,ITA,65650,Italy,2,47,0,0,0,0,0,2,0,0,0,0,0,0,0,51
RO-01128,20/08/2019,FRA,43256.41,France,1,38,0,0,0,0,0,2,3,0,0,1,0,1,3,44
RO-01113,20/08/2019,DEU,55598.24,Germany,1,16,0,0,0,0,0,1,0,0,0,1,0,1,0,18
RO-01100,21/08/2019,DEU,501725.27,Germany,1,99,0,0,0,0,0,2,0,0,1,1,0,2,0,102
RO-01100,21/08/2019,AUT,51556.46,Austria,NA,NA,NA,NA,NA,NA,NA,NA,NA,NA,NA,NA,NA,NA,NA,NA
RO-01100,21/08/2019,FIN,40513.12,Finland,1,11,0,0,0,0,0,0,0,0,0,0,0,0,0,12
RO-01100,21/08/2019,SWE,15682.99,Sweden,1,3,0,0,0,0,0,0,0,0,0,0,0,0,0,4
RO-01109,22/08/2019,DEU,83464.1,Germany,1,33,0,0,0,0,0,4,0,0,0,1,0,1,0,38
RO-01167,22/08/2019,ITA,54439,Italy,2,91,0,0,0,0,0,2,0,0,0,0,0,0,0,95
RO-01175,26/08/2019,ITA,48884,Italy,2,52,0,0,0,0,0,2,0,0,0,0,0,0,0,56
RO-01089,27/08/2019,DEU,403064.4,Germany,1,73,0,0,0,0,0,2,0,0,0,1,0,1,0,76
RO-01129,27/08/2019,FRA,42256.86,France,1,0,0,0,0,0,0,2,3,0,0,1,0,1,3,6
RO-00971,28/08/2019,AUT,373713.32,Austria,1,55,0,0,0,0,0,3,0,0,1,0,0,1,0,59
RO-00971,28/08/2019,DEU,35451.59,Germany,1,38,0,0,0,0,0,0,0,0,0,0,0,0,0,39
RO-00971,28/08/2019,NLD,NA,Netherlands,0,0,0,0,0,0,0,0,2,0,0,0,0,0,2,2
RO-00971,28/08/2019,CHE,38899.7,Switzerland,1,10,0,0,0,0,0,0,0,0,0,0,0,0,0,11
RO-00971,28/08/2019,HUN,757.66,Hungary,1,2,0,0,0,0,0,0,0,0,0,0,0,0,0,3
RO-01077,28/08/2019,DEU,113570.59,Germany,1,64,0,0,0,0,0,2,0,0,0,1,0,1,0,67
RO-01154,28/08/2019,DEU,141099.6,Germany,1,5,0,0,0,0,0,1,0,0,0,0,0,0,0,7
RO-01140,29/08/2019,ESP,153707.18,Spain,1,75,0,0,0,0,0,2,0,0,1,0,0,1,0,78
RO-01140,29/08/2019,SWE,55071.2,Sweden,1,7,0,0,0,0,0,0,0,0,1,0,0,1,0,8
RO-01177,29/08/2019,ITA,52924,Italy,2,77,0,0,0,0,0,2,0,0,0,0,0,0,0,81
RO-01160,02/09/2019,DEU,195053.83,Germany,1,8,0,0,0,0,0,1,0,0,0,1,0,1,0,10
RO-01090,03/09/2019,DEU,448412.86,Germany,1,82,0,0,0,0,0,2,0,0,0,2,0,2,0,85
RO-01090,03/09/2019,CHE,18827.92,Switzerland,1,3,0,0,0,0,0,0,0,0,0,0,0,0,0,4
RO-01130,03/09/2019,FRA,40238.35,France,1,38,0,0,0,0,0,1,3,0,0,1,0,1,3,43
RO-01130,03/09/2019,BEL,131.54,Belgium,0,0,0,0,0,0,0,0,0,0,0,0,0,0,0,0
RO-01176,03/09/2019,AUT,449999.63,Austria,1,85,0,0,0,0,0,0,0,0,1,0,0,1,0,86
RO-01176,03/09/2019,HUN,12062.52,Hungary,1,24,0,0,0,0,0,2,0,0,1,0,0,1,0,27
RO-01176,03/09/2019,BGR,6913.45,Bulgaria,1,4,0,0,0,0,0,0,0,0,0,0,0,0,0,5
RO-01145,04/09/2019,FRA,103310.58,France,1,48,0,0,0,0,0,1,0,0,1,1,0,2,0,50
RO-01041,05/09/2019,DEU,153260.24,Germany,1,62,0,0,0,0,0,4,0,0,1,1,0,2,0,67
RO-01148,05/09/2019,DEU,142799.6,Germany,1,8,0,0,0,0,0,2,0,0,0,1,0,1,0,11
RO-01185,05/09/2019,ITA,48581,Italy,1,94,0,0,0,0,0,2,0,0,0,0,0,0,0,97
RO-01190,09/09/2019,ITA,51611,Italy,2,84,0,0,0,0,0,2,0,0,0,0,0,0,0,88
RO-01087,10/09/2019,DEU,119371.23,Germany,1,40,0,0,0,0,0,2,0,0,0,1,0,1,0,43
RO-01108,10/09/2019,DEU,100296.42,Germany,1,38,0,0,0,0,0,1,0,0,0,1,0,1,0,40
RO-01108,10/09/2019,FRA,5031.11,France,0,0,0,0,0,0,0,0,0,0,0,0,0,0,0,0
RO-01117,10/09/2019,DEU,101098.74,Germany,1,34,0,0,0,0,0,2,0,0,0,1,0,1,0,37
RO-01131,10/09/2019,FRA,45295.18,France,1,36,0,0,0,0,0,2,3,0,0,1,0,1,3,42
RO-01131,10/09/2019,BEL,131.54,Belgium,0,0,0,0,0,0,0,0,0,0,0,0,0,0,0,0
RO-01191,10/09/2019,ITA,64892.5,Italy,1,69,0,0,0,0,0,2,0,0,0,0,0,0,0,72
RO-01056,11/09/2019,SWE,511811.2,Sweden,2,114,0,0,0,0,0,2,0,0,1,0,0,1,0,118
RO-01144,11/09/2019,DEU,365223.22,Germany,1,64,0,0,0,0,0,2,0,0,0,2,0,2,0,67
RO-01134,12/09/2019,AUT,162013.19,Austria,1,23,0,0,0,0,0,3,0,0,1,0,0,1,0,27
RO-01134,12/09/2019,DEU,22930.39,Germany,1,39,0,0,0,0,0,0,0,0,0,0,0,0,0,40
RO-01158,12/09/2019,DEU,100207.89,Germany,1,33,0,0,0,0,0,4,0,0,0,1,0,1,0,38
RO-01214,12/09/2019,ITA,48783,Italy,2,81,0,0,0,0,0,2,0,0,0,0,0,0,0,85
RO-01221,16/09/2019,ITA,44238,Italy,1,68,0,0,0,0,0,2,0,0,0,0,0,0,0,71
RO-01115,17/09/2019,DEU,389904.36,Germany,1,39,0,0,0,0,0,2,0,0,0,2,0,2,0,42
RO-01132,17/09/2019,FRA,42188.46,France,1,38,0,0,0,0,0,2,3,0,0,1,0,1,3,44
RO-01132,17/09/2019,BEL,142.45,Belgium,0,0,0,0,0,0,0,0,0,0,0,0,0,0,0,0
RO-01093,18/09/2019,DEU,120077.52,Germany,1,63,0,0,0,0,0,2,0,0,0,1,0,1,0,66
RO-01227,19/09/2019,ESP,71875.14,Spain,1,49,0,0,0,0,0,2,0,0,1,0,0,1,0,52
RO-01235,19/09/2019,ITA,49995,Italy,2,82,0,0,0,0,0,2,0,0,0,0,0,0,0,86
RO-01192,21/09/2019,ITA,1050.02,Italy,1,118,0,0,0,0,0,4,0,0,2,0,0,2,0,123
RO-01238,23/09/2019,ITA,48278,Italy,2,91,0,0,0,0,0,2,0,0,0,0,0,0,0,95
RO-00950,24/09/2019,DEU,40422.31,Germany,1,24,0,0,0,0,0,1,0,0,0,1,0,1,0,26
RO-01066,24/09/2019,DEU,408137.81,Germany,1,127,0,0,0,0,0,2,0,0,0,1,0,1,0,130
RO-01066,24/09/2019,POL,4221.8,Poland,1,3,0,0,0,0,0,0,0,0,0,0,0,0,0,4
RO-01133,24/09/2019,FRA,42517.95,France,1,38,0,0,0,0,0,2,3,0,0,1,0,1,3,44
RO-01133,24/09/2019,BEL,131.54,Belgium,0,0,0,0,0,0,0,0,0,0,0,0,0,0,0,0
RO-01135,25/09/2019,AUT,359960.17,Austria,1,47,0,0,0,0,0,3,0,0,1,0,0,1,0,51
RO-01135,25/09/2019,HUN,1563.4,Hungary,1,2,0,0,0,0,0,0,0,0,0,0,0,0,0,3
RO-01135,25/09/2019,SWE,30352.6,Sweden,1,5,0,0,0,0,0,0,0,0,0,0,0,0,0,6
RO-01200,25/09/2019,ESP,365249.41,Spain,0,90,0,0,0,0,0,2,0,0,1,0,0,1,0,92
RO-01079,26/09/2019,DEU,88553.61,Germany,1,31,0,0,0,0,0,2,0,0,0,1,0,1,0,34
RO-01118,26/09/2019,DEU,100937.76,Germany,1,66,0,0,0,0,0,4,0,0,0,1,0,1,0,71
RO-01118,26/09/2019,SWE,19465.66,Sweden,1,2,0,0,0,0,0,0,0,0,1,0,0,1,0,3
RO-01239,26/09/2019,ITA,48076,Italy,2,88,0,0,0,0,0,2,0,0,3,0,0,3,0,92
RO-01184,27/09/2019,DEU,56000.47,Germany,NA,NA,NA,NA,NA,NA,NA,NA,NA,NA,NA,NA,NA,NA,NA,NA
RO-01243,30/09/2019,ITA,48227.5,Italy,2,85,0,0,0,0,0,2,0,0,0,0,0,0,0,89
RO-01048,01/10/2019,SWE,485911.77,Sweden,2,64,0,0,0,0,0,2,0,0,1,0,0,1,0,68
RO-01048,01/10/2019,AUT,78497,Austria,1,34,0,0,0,0,0,0,0,0,1,0,0,1,0,35
RO-01048,01/10/2019,BGR,12686.61,Bulgaria,1,8,0,0,0,0,0,0,0,0,0,0,0,0,0,9
RO-01246,03/10/2019,ITA,48278,Italy,2,87,0,0,0,0,0,2,0,0,0,0,0,0,0,91
RO-01225,04/10/2019,FRA,107148.08,France,1,37,0,0,0,0,0,2,0,0,0,1,0,1,0,40
RO-01250,07/10/2019,ITA,48177,Italy,1,88,0,0,0,0,0,2,0,0,0,0,0,0,0,91
RO-01215,08/10/2019,FRA,42680.45,France,1,38,0,0,0,0,0,2,3,0,0,1,0,1,3,44
RO-01215,08/10/2019,BEL,130.98,Belgium,0,0,0,0,0,0,0,0,0,0,0,0,0,0,0,0
RO-01161,08/10/2019,DEU,451900.26,Germany,1,109,0,0,0,0,0,1,0,0,0,1,0,1,0,111
RO-01149,09/10/2019,AUT,84676.68,Austria,1,19,0,0,0,0,0,3,0,0,1,0,0,1,0,23
RO-01149,09/10/2019,DEU,22810.7,Germany,1,44,0,0,0,0,0,1,0,0,0,0,0,0,0,46
RO-01252,10/10/2019,ITA,48177,Italy,1,72,0,0,0,0,0,2,0,0,0,0,0,0,0,75
RO-01244,11/10/2019,ITA,62418,Italy,1,0,0,0,0,0,0,49,0,0,0,0,0,0,0,50
RO-01151,14/10/2019,DEU,87797.11,Germany,1,39,0,0,0,0,0,2,0,0,1,1,0,2,0,42
RO-01245,15/10/2019,ITA,1644.49,Italy,2,90,0,0,0,0,0,2,0,0,2,0,0,2,0,94
RO-01245,15/10/2019,BEL,3175.44,Belgium,1,2,0,0,0,0,0,0,0,0,0,0,0,0,0,3
RO-01216,15/10/2019,FRA,43508.41,France,1,38,0,0,0,0,0,1,4,0,0,1,0,1,4,44
RO-01216,15/10/2019,BEL,131.54,Belgium,0,0,0,0,0,0,0,0,0,0,0,0,0,0,0,0
RO-01164,15/10/2019,DEU,143282.61,Germany,1,44,0,0,0,0,0,3,0,0,1,1,0,2,0,48
RO-01201,16/10/2019,HUN,10877.67,Hungary,1,19,0,0,0,0,0,3,0,0,1,0,0,1,0,23
RO-01201,16/10/2019,AUT,12476.53,Austria,1,23,0,0,0,0,0,0,0,0,1,0,0,1,0,24
RO-01201,16/10/2019,SVN,1144.41,Slovenia,1,2,0,0,0,0,0,0,0,0,0,0,0,0,0,3
RO-01201,16/10/2019,BGR,6913.45,Bulgaria,1,4,0,0,0,0,0,0,0,0,0,0,0,0,0,5
RO-01171,16/10/2019,DEU,101083.29,Germany,1,57,0,0,0,0,0,2,0,0,0,1,0,1,0,60
RO-01261,17/10/2019,ITA,48175.99,Italy,2,90,0,0,0,0,0,2,0,0,0,0,0,0,0,94
RO-01234,17/10/2019,ESP,138683.43,Spain,1,49,0,0,0,0,0,2,0,0,1,0,0,1,0,52
RO-01242,18/10/2019,DEU,113308.89,Germany,1,15,0,0,0,0,0,2,0,0,0,1,0,1,0,18
RO-01262,21/10/2019,ITA,55548.99,Italy,2,85,0,0,0,0,0,2,0,0,2,0,0,2,0,89
RO-01116,21/10/2019,DEU,387049.46,Germany,1,93,0,0,0,0,0,2,0,0,0,1,0,1,0,96
RO-01202,22/10/2019,DEU,312111.66,Germany,1,65,0,0,0,0,0,2,0,0,0,1,0,1,0,68
RO-01159,22/10/2019,DEU,87613.5,Germany,1,42,0,0,0,0,0,4,0,0,0,1,0,1,0,47
RO-01037,22/10/2019,DEU,105497.05,Germany,2,37,0,0,0,0,0,1,0,0,2,1,0,3,0,40
RO-01037,22/10/2019,FRA,4677.71,France,0,0,0,0,0,0,0,0,0,0,0,0,0,0,0,0
RO-01217,23/10/2019,FRA,42707.48,France,1,39,0,0,0,0,0,2,4,0,0,1,0,1,4,46
RO-01217,23/10/2019,BEL,187.82,Belgium,0,0,0,0,0,0,0,0,0,0,0,0,0,0,0,0
RO-01136,23/10/2019,AUT,356318.24,Austria,1,34,0,0,0,0,0,3,0,0,1,0,0,1,0,38
RO-01136,23/10/2019,DEU,29638.74,Germany,1,32,0,0,0,0,0,0,0,0,0,0,0,0,0,33
RO-01136,23/10/2019,LUX,31431.05,Luxembourg,2,10,0,0,0,0,0,0,1,0,1,0,0,1,1,13
RO-01269,24/10/2019,ITA,49389,Italy,1,79,0,0,0,0,0,2,0,0,0,0,0,0,0,82
RO-01268,28/10/2019,ITA,49187,Italy,2,87,0,0,0,0,0,2,0,0,0,0,0,0,0,91
RO-01249,28/10/2019,DEU,68349.96,Germany,1,10,0,0,0,0,0,1,0,0,0,1,0,1,0,12
RO-01230,29/10/2019,DEU,57772.05,Germany,1,41,0,0,0,0,0,1,1,0,0,1,0,1,1,44
RO-01218,29/10/2019,FRA,44489.82,France,1,41,0,0,0,0,0,2,4,0,0,1,0,1,4,48
RO-01218,29/10/2019,BEL,149.36,Belgium,0,0,0,0,0,0,0,0,0,0,0,0,0,0,0,0
RO-01189,29/10/2019,DEU,99601.14,Germany,1,60,0,0,0,0,0,4,1,0,0,1,0,1,1,66
RO-01152,29/10/2019,DEU,477586.29,Germany,1,105,0,0,0,0,0,2,0,0,1,1,0,2,0,108
RO-01152,29/10/2019,ITA,64761.2,Italy,2,12,0,0,0,0,0,0,0,0,1,0,0,1,0,14
RO-01152,29/10/2019,SWE,21765.12,Sweden,1,4,0,0,0,0,0,0,0,0,1,0,0,1,0,5
RO-01275,31/10/2019,ITA,44743,Italy,1,80,0,0,0,0,0,2,0,0,0,0,0,0,0,83
RO-01254,05/11/2019,FRA,43508.71,France,1,45,0,0,0,0,0,2,4,0,0,1,0,1,4,52
RO-01254,05/11/2019,BEL,131.26,Belgium,0,0,0,0,0,0,0,0,0,0,0,0,0,0,0,0
RO-01266,06/11/2019,ESP,57028.14,Spain,1,52,0,0,0,0,0,2,0,0,0,0,0,0,0,55
RO-01162,06/11/2019,DEU,446720.55,Germany,1,86,0,0,0,0,0,1,0,0,0,1,0,1,0,88
RO-01247,06/11/2019,AUT,189265.6,Austria,1,27,0,0,0,0,0,3,1,0,1,0,0,1,1,32
RO-01247,06/11/2019,DEU,46926.17,Germany,1,85,0,0,0,0,0,0,0,0,0,0,0,0,0,86
RO-01247,06/11/2019,SWE,49177.44,Sweden,1,8,0,0,0,0,0,0,0,0,1,0,0,1,0,9
RO-01278,11/11/2019,ITA,42521,Italy,2,34,0,0,0,0,0,2,0,0,0,0,0,0,0,38
RO-01174,12/11/2019,DEU,146092.35,Germany,1,40,0,0,0,0,0,2,0,0,0,1,0,1,0,43
RO-01267,13/11/2019,ESP,57903.3,Spain,1,38,0,0,0,0,0,2,0,0,0,0,0,0,0,41
RO-01255,13/11/2019,FRA,40077.4,France,1,45,0,0,0,0,0,2,3,0,0,1,0,1,3,51
RO-01255,13/11/2019,BEL,150.49,Belgium,0,0,0,0,0,0,0,0,0,0,0,0,0,0,0,0
RO-01172,13/11/2019,DEU,98622.5,Germany,1,69,0,0,0,0,0,2,0,0,0,1,0,1,0,72
RO-01049,13/11/2019,SWE,512268.97,Sweden,2,72,0,0,0,0,0,2,1,0,1,0,0,1,1,77
RO-01049,13/11/2019,BGR,4242,Bulgaria,0,0,0,0,0,0,0,0,0,0,0,0,0,0,0,0
RO-01049,13/11/2019,AUT,72576.39,Austria,1,39,0,0,0,0,0,0,1,0,1,0,0,1,1,41
RO-01111,14/11/2019,DEU,91776.35,Germany,1,58,0,0,0,0,0,4,0,0,0,1,0,1,0,63
RO-01165,14/11/2019,DEU,139730.09,Germany,1,51,0,0,0,0,0,3,0,0,0,1,0,1,0,55
RO-01143,18/11/2019,DEU,208088.22,Germany,1,87,0,0,0,0,0,2,0,0,0,1,0,1,0,90
RO-01143,18/11/2019,BGR,3575.4,Bulgaria,1,2,0,0,0,0,0,0,0,0,0,0,0,0,0,3
RO-01143,18/11/2019,SWE,17456.6,Sweden,1,4,0,0,0,0,0,0,0,0,0,0,0,0,0,5
RO-01282,18/11/2019,ITA,41404.95,Italy,2,39,0,0,0,0,0,2,0,0,0,0,0,0,0,43
RO-01224,19/11/2019,DEU,150305.02,Germany,1,41,0,0,0,0,0,2,0,0,0,1,0,1,0,44
RO-01224,19/11/2019,AUT,42576.55,Austria,0,21,0,0,0,0,0,0,0,0,0,0,0,0,0,21
RO-01224,19/11/2019,AUT,42576.55,Austria,1,1,0,0,0,0,0,0,0,0,1,0,0,1,0,2
RO-01256,19/11/2019,FRA,43415.94,France,1,43,0,0,0,0,0,2,3,0,0,1,0,1,3,49
RO-01256,19/11/2019,BEL,136.63,Belgium,0,0,0,0,0,0,0,0,0,0,0,0,0,0,0,0
RO-01277,20/11/2019,LUX,28691.82,Luxembourg,2,17,0,0,0,0,0,1,0,0,1,0,0,1,0,20
RO-01067,21/11/2019,DEU,419081.62,Germany,1,96,0,0,0,0,0,4,0,0,1,1,0,2,0,101
RO-01067,21/11/2019,AUT,50387.89,Austria,1,14,0,0,0,0,0,0,0,0,1,0,0,1,0,15
RO-01067,21/11/2019,FIN,39340.51,Finland,1,11,0,0,0,0,0,0,0,0,0,0,0,0,0,12
RO-01170,21/11/2019,DEU,303672.28,Germany,1,72,0,0,0,0,0,2,0,0,0,1,0,1,0,75
RO-01290,25/11/2019,ITA,39177.9,Italy,1,52,0,0,0,0,0,2,0,0,0,0,0,0,0,55
RO-01105,26/11/2019,DEU,108520.3,Germany,2,38,0,0,0,0,0,2,2,0,0,1,0,1,2,44
RO-01105,26/11/2019,FRA,11948.46,France,0,0,0,0,0,0,0,0,0,0,0,0,0,0,0,0
RO-01105,26/11/2019,ITA,25143.95,Italy,0,0,0,0,0,0,0,0,0,0,0,0,0,0,0,0
RO-01169,26/11/2019,DEU,312185.7,Germany,1,80,0,0,0,0,0,2,0,0,0,1,0,1,0,83
RO-01050,27/11/2019,SWE,513445.49,Sweden,2,68,0,0,0,0,0,2,0,0,1,0,0,1,0,72
RO-01050,27/11/2019,BGR,5731.75,Bulgaria,1,4,0,0,0,0,0,0,0,0,0,0,0,0,0,5
RO-01260,28/11/2019,DEU,102195.69,Germany,1,59,0,0,0,0,0,4,0,0,0,2,0,2,0,64
RO-01276,30/11/2019,ITA,989.73,Italy,0,99,0,0,0,0,0,0,0,0,0,0,0,0,0,99
RO-01296,02/12/2019,ITA,40394.95,Italy,2,42,0,0,0,0,0,2,0,0,0,0,0,0,0,46
RO-01300,03/12/2019,DNK,67033.78,Denmark,1,22,0,0,0,0,0,1,1,0,0,0,0,0,1,25
RO-01163,03/12/2019,DEU,470430.53,Germany,1,109,0,0,0,0,0,2,0,0,0,1,0,1,0,112
RO-01257,03/12/2019,FRA,43519.42,France,1,43,0,0,0,0,0,2,4,0,0,1,0,1,4,50
RO-01257,03/12/2019,BEL,140.71,Belgium,0,0,0,0,0,0,0,0,0,0,0,0,0,0,0,0
RO-01280,03/12/2019,ITA,59041.57,Italy,1,86,0,0,0,0,0,2,0,0,0,0,0,0,0,89
RO-01137,04/12/2019,AUT,341035.66,Austria,1,49,0,0,0,0,0,3,0,0,1,0,0,1,0,53
RO-01137,04/12/2019,DEU,29127.37,Germany,1,31,0,0,0,0,0,0,0,0,0,0,0,0,0,32
RO-01137,04/12/2019,CHE,33895.6,Switzerland,1,4,0,0,0,0,0,0,0,0,0,0,0,0,0,5
RO-01137,04/12/2019,FRA,5438.5,France,1,10,0,0,0,0,0,0,0,0,0,0,0,0,0,11
RO-01137,04/12/2019,NOR,43407.53,Norway,1,6,0,0,0,0,0,0,0,0,0,0,0,0,0,7
RO-01137,04/12/2019,SWE,19436.76,Sweden,1,5,0,0,0,0,0,0,0,0,0,0,0,0,0,6
RO-01251,04/12/2019,IRL,NA,Ireland,1,49,0,0,0,0,0,2,0,0,0,2,0,2,0,52
RO-01251,04/12/2019,BEL,3599.64,Belgium,0,5,0,0,0,0,0,0,0,0,1,0,0,1,0,5
RO-01251,04/12/2019,BEL,3599.64,Belgium,1,4,0,0,0,0,0,0,0,0,1,0,0,1,0,5
RO-01251,04/12/2019,ISL,61580.71,Iceland,1,2,0,0,0,0,0,0,0,0,0,0,0,0,0,3
RO-01251,04/12/2019,ISL,61580.71,Iceland,1,9,0,0,0,0,0,0,0,0,0,0,0,0,0,10
RO-01297,05/12/2019,ITA,42914.9,Italy,2,49,0,0,0,0,0,2,0,0,2,0,0,2,0,53
RO-01038,05/12/2019,DEU,104445.94,Germany,2,37,0,0,0,0,0,1,0,0,0,1,0,1,0,40
RO-01038,05/12/2019,ITA,27769.95,Italy,2,0,0,0,0,0,0,0,0,0,0,0,0,0,0,2
RO-01038,05/12/2019,SWE,33513.4,Sweden,0,0,0,0,0,0,0,0,0,0,0,0,0,0,0,0
RO-01203,09/12/2019,HUN,7010.62,Hungary,NA,NA,NA,NA,NA,NA,NA,NA,NA,NA,NA,NA,NA,NA,NA,NA
RO-01203,09/12/2019,AUT,20035.37,Austria,NA,NA,NA,NA,NA,NA,NA,NA,NA,NA,NA,NA,NA,NA,NA,NA
RO-01203,09/12/2019,SWE,72986.31,Sweden,NA,NA,NA,NA,NA,NA,NA,NA,NA,NA,NA,NA,NA,NA,NA,NA
RO-01308,09/12/2019,ITA,41713,Italy,1,31,0,0,0,0,0,2,0,0,0,0,0,0,0,34
RO-01271,09/12/2019,DEU,91383.33,Germany,1,58,0,0,0,0,0,2,0,0,0,1,0,1,0,61
RO-01271,09/12/2019,NOR,17195.34,Norway,1,5,0,0,0,0,0,1,0,0,0,0,0,0,0,7
RO-01271,09/12/2019,SWE,17762.48,Sweden,1,3,0,0,0,0,0,0,0,0,0,0,0,0,0,4
RO-01258,10/12/2019,FRA,43176.58,France,1,41,0,0,0,0,0,2,3,0,0,1,0,1,3,47
RO-01258,10/12/2019,BEL,133.52,Belgium,0,0,0,0,0,0,0,0,0,0,0,0,0,0,0,0
RO-01150,10/12/2019,DEU,402598.24,Germany,1,75,0,0,0,0,0,2,0,0,0,2,0,2,0,78
RO-01150,10/12/2019,AUT,30959.73,Austria,1,12,0,0,0,0,0,0,0,0,1,0,0,1,0,13
RO-01270,11/12/2019,DEU,87719.39,Germany,1,44,0,0,0,0,0,2,0,0,0,1,0,1,0,47
RO-01199,11/12/2019,NOR,235084.99,Norway,2,35,0,0,0,0,0,2,1,0,0,0,0,0,1,40
RO-01199,11/12/2019,SWE,39404.51,Sweden,1,17,0,0,0,0,0,0,0,0,1,0,0,1,0,18
RO-01173,11/12/2019,DEU,95838.66,Germany,1,66,0,0,0,0,0,2,0,0,0,2,0,2,0,69
RO-01274,12/12/2019,DEU,82945.09,Germany,1,34,0,0,0,0,0,4,0,0,0,1,0,1,0,39
RO-01319,16/12/2019,ITA,37258.9,Italy,1,28,0,0,0,0,0,2,0,0,0,0,0,0,0,31
RO-01168,16/12/2019,DEU,305011.34,Germany,1,43,0,0,0,0,0,2,0,0,0,2,0,2,0,46
RO-01309,16/12/2019,ESP,68159.85,Spain,1,54,0,0,0,0,0,2,0,0,0,0,0,0,0,57
RO-01259,17/12/2019,FRA,43207.3,France,1,44,0,0,0,0,0,2,4,0,0,1,0,1,4,51
RO-01259,17/12/2019,BEL,135.22,Belgium,0,0,0,0,0,0,0,0,0,0,0,0,0,0,0,0
RO-01068,17/12/2019,DEU,413672.53,Germany,1,97,0,0,0,0,0,2,0,0,0,1,0,1,0,100
RO-01068,17/12/2019,ITA,67846.75,Italy,2,11,0,0,0,0,0,0,0,0,0,0,0,0,0,13
RO-01273,18/12/2019,ESP,367374.98,Spain,1,81,0,0,0,0,0,2,0,0,1,0,0,1,0,84
RO-01265,20/12/2019,FRA,114927.08,France,2,39,0,0,0,0,0,1,0,0,0,1,0,1,0,42
RO-01265,20/12/2019,SWE,24287.54,Sweden,0,0,0,0,0,0,0,0,0,0,0,0,0,0,0,0
RO-01320,21/12/2019,ITA,105436.74,Italy,NA,NA,NA,NA,NA,NA,NA,NA,NA,NA,NA,NA,NA,NA,NA,NA
RO-01330,02/01/2020,ITA,49883.9,Italy,1,44,0,0,0,0,0,2,0,0,0,0,0,0,0,47
RO-01311,07/01/2020,FRA,44894.47,France,1,43,0,0,0,0,0,2,3,0,0,1,0,1,3,49
RO-01311,07/01/2020,BEL,140.71,Belgium,0,0,0,0,0,0,0,0,0,0,0,0,0,0,0,0
RO-01178,07/01/2020,DEU,389219.07,Germany,1,111,0,0,0,0,0,3,1,0,0,2,0,2,1,116
RO-01334,13/01/2020,ITA,43318.9,Italy,2,42,0,0,0,0,0,2,0,0,3,0,0,3,0,46
RO-01321,14/01/2020,GRC,NA,Greece,1,52,0,0,0,0,0,1,0,0,2,0,0,2,0,54
RO-01321,14/01/2020,BEL,333300,Belgium,0,0,0,0,0,0,0,0,0,0,0,0,0,0,0,0
RO-01187,14/01/2020,DEU,398980.41,Germany,1,104,0,0,0,0,0,1,0,0,0,2,0,2,0,106
RO-01312,14/01/2020,FRA,41936.81,France,1,43,0,0,0,0,0,2,3,0,0,1,0,1,3,49
RO-01312,14/01/2020,BEL,141.28,Belgium,0,0,0,0,0,0,0,0,0,0,0,0,0,0,0,0
RO-01193,16/01/2020,DEU,106979.74,Germany,1,38,0,0,0,0,0,1,2,0,0,2,0,2,2,42
RO-01193,16/01/2020,SWE,19739.44,Sweden,0,0,0,0,0,0,0,0,0,0,0,0,0,0,0,0
RO-01193,16/01/2020,FRA,8990.62,France,0,0,0,0,0,0,0,0,0,0,0,0,0,0,0,0
RO-01307,20/01/2020,ESP,92769.61,Spain,1,68,0,0,0,0,0,2,0,0,2,0,0,2,0,71
RO-01331,21/01/2020,ITA,57570,Italy,2,80,0,0,0,0,0,2,0,0,2,0,0,2,0,84
RO-01313,21/01/2020,FRA,42235.03,France,1,46,0,0,0,0,0,2,3,0,0,1,0,1,3,52
RO-01313,21/01/2020,BEL,145.8,Belgium,0,0,0,0,0,0,0,0,0,0,0,0,0,0,0,0
RO-01299,21/01/2020,DEU,156428.76,Germany,1,44,0,0,0,0,0,2,2,0,0,2,0,2,2,49
RO-01299,21/01/2020,BEL,4753.87,Belgium,2,16,0,0,0,0,0,0,0,0,2,0,0,2,0,18
RO-01204,22/01/2020,AUT,311244.04,Austria,1,35,0,0,0,0,0,3,0,0,1,0,0,1,0,39
RO-01204,22/01/2020,GRC,NA,Greece,1,2,0,0,0,0,0,0,0,0,0,0,0,0,0,3
RO-01204,22/01/2020,BEL,6169.08,Belgium,1,5,0,0,0,0,0,0,0,0,0,0,0,0,0,6
RO-01204,22/01/2020,DEU,46121.49,Germany,1,52,0,0,0,0,0,0,0,0,0,0,0,0,0,53
RO-01291,22/01/2020,DEU,90038.7,Germany,1,68,0,0,0,0,0,2,0,0,0,1,0,1,0,71
RO-01348,23/01/2020,ITA,43318.9,Italy,1,26,0,0,0,0,0,2,0,0,0,0,0,0,0,29
RO-01263,23/01/2020,DEU,86284.13,Germany,1,45,0,0,0,0,0,2,0,0,0,1,0,1,0,48
RO-01263,23/01/2020,FIN,33672.39,Finland,1,4,0,0,0,0,0,0,0,0,1,0,0,1,0,5
RO-01333,27/01/2020,ESP,97755.78,Spain,1,67,0,0,0,0,0,2,0,0,2,0,0,2,0,70
RO-01317,28/01/2020,FRA,59825.19,France,1,43,0,0,0,0,0,3,1,0,0,1,0,1,1,48
RO-01295,28/01/2020,DEU,102488.7,Germany,1,65,0,0,0,0,0,4,0,0,0,1,0,1,0,70
RO-01264,28/01/2020,DEU,84420.63,Germany,1,43,0,0,0,0,0,2,0,0,0,1,0,1,0,46
RO-01356,30/01/2020,ITA,39884.9,Italy,2,35,0,0,0,0,0,2,0,0,2,0,0,2,0,39
RO-01237,30/01/2020,DEU,190695.97,Germany,1,71,0,0,0,0,0,2,0,0,0,2,0,2,0,74
RO-01341,01/02/2020,ITA,167336.8,Italy,3,108,0,0,0,0,0,2,0,0,3,0,0,3,0,113
RO-01335,04/02/2020,FRA,44530.69,France,1,46,0,0,0,0,0,2,3,0,0,1,0,1,3,52
RO-01335,04/02/2020,BEL,141.56,Belgium,0,0,0,0,0,0,0,0,0,0,0,0,0,0,0,0
RO-01179,04/02/2020,DEU,360422.63,Germany,1,96,0,0,0,0,0,2,0,0,0,2,0,2,0,99
RO-01179,04/02/2020,POL,7221.5,Poland,1,4,0,0,0,0,0,0,0,0,0,0,0,0,0,5
RO-01292,05/02/2020,DEU,87159.9,Germany,1,70,0,0,0,0,0,2,0,0,0,1,0,1,0,73
RO-01219,05/02/2020,SWE,559496.07,Sweden,2,62,0,0,0,0,0,2,0,0,1,0,0,1,0,66
RO-01219,05/02/2020,BGR,5731.75,Bulgaria,1,4,0,0,0,0,0,0,0,0,0,0,0,0,0,5
RO-01219,05/02/2020,AUT,27159.91,Austria,1,44,0,0,0,0,0,0,0,0,1,0,0,1,0,45
RO-01219,05/02/2020,GRC,NA,Greece,1,4,0,0,0,0,0,0,0,0,1,0,0,1,0,5
RO-01359,06/02/2020,ITA,40894.9,Italy,2,57,0,0,0,0,0,2,0,0,0,0,0,0,0,61
RO-01231,06/02/2020,DEU,175524.67,Germany,1,47,0,0,0,0,0,2,0,0,0,2,0,2,0,50
RO-01231,06/02/2020,NOR,16567.07,Norway,1,3,0,0,0,0,0,0,0,0,0,0,0,0,0,4
RO-01353,07/02/2020,ITA,59579.9,Italy,2,59,0,0,0,0,0,2,0,0,2,0,0,2,0,63
RO-01336,11/02/2020,FRA,43780.5,France,1,44,0,0,0,0,0,2,3,0,0,1,0,1,3,50
RO-01336,11/02/2020,BEL,140.71,Belgium,0,0,0,0,0,0,0,0,0,0,0,0,0,0,0,0
RO-01194,11/02/2020,DEU,111691.84,Germany,1,38,0,0,0,0,0,2,0,0,0,2,0,2,0,41
RO-01194,11/02/2020,ITA,26992.25,Italy,0,0,0,0,0,0,0,0,0,0,0,0,0,0,0,0
RO-01188,12/02/2020,DEU,399527.11,Germany,1,88,0,0,0,0,0,2,0,0,0,1,0,1,0,91
RO-01210,13/02/2020,AUT,91008.64,Austria,1,15,0,0,0,0,0,3,2,0,1,0,0,1,2,21
RO-01369,17/02/2020,ITA,39844.5,Italy,1,34,0,0,0,0,0,2,0,0,0,0,0,0,0,37
RO-01350,17/02/2020,ESP,96093.72,Spain,1,76,0,0,0,0,0,2,0,0,2,0,0,2,0,79
RO-01337,18/02/2020,FRA,44528.3,France,0,47,0,0,0,0,0,2,0,0,1,1,0,2,0,49
RO-01337,18/02/2020,BEL,141,Belgium,0,0,0,0,0,0,0,0,0,0,0,0,0,0,0,0
RO-01304,18/02/2020,DEU,95566.89,Germany,1,42,0,0,0,0,0,4,0,0,0,1,0,1,0,47
RO-01294,18/02/2020,DEU,140427.34,Germany,1,47,0,0,0,0,0,2,0,0,0,2,0,2,0,50
RO-01322,19/02/2020,DEU,98211.99,Germany,1,57,0,0,0,0,0,2,0,0,0,2,0,2,0,60
RO-01205,19/02/2020,AUT,287880.38,Austria,1,50,0,0,0,0,0,3,0,0,1,0,0,1,0,54
RO-01205,19/02/2020,HUN,2169.76,Hungary,1,2,0,0,0,0,0,0,0,0,0,0,0,0,0,3
RO-01205,19/02/2020,HUN,2169.76,Hungary,0,2,0,0,0,0,0,0,0,0,0,0,0,0,0,2
RO-01205,19/02/2020,LUX,34197.27,Luxembourg,2,14,0,0,0,0,0,1,0,0,1,0,0,1,0,17
RO-01205,19/02/2020,SWE,47911.34,Sweden,1,9,0,0,0,0,0,0,0,0,0,0,0,0,0,10
RO-01205,19/02/2020,SWE,47911.34,Sweden,0,6,0,0,0,0,0,0,0,0,0,0,0,0,0,6
RO-01370,24/02/2020,ITA,40581.8,Italy,2,37,0,0,0,0,0,2,0,0,0,0,0,0,0,41
RO-01354,25/02/2020,ESP,147311.93,Spain,1,62,0,0,0,0,0,2,0,0,0,0,0,0,0,65
RO-01338,25/02/2020,FRA,42304.97,France,1,44,0,0,0,0,0,2,3,0,0,1,0,1,3,50
RO-01338,25/02/2020,BEL,140.15,Belgium,0,0,0,0,0,0,0,0,0,0,0,0,0,0,0,0
RO-01289,26/02/2020,HUN,8178.31,Hungary,1,16,0,0,0,0,0,3,0,0,1,0,0,1,0,20
RO-01289,26/02/2020,AUT,15003.55,Austria,1,23,0,0,0,0,0,0,1,0,1,0,0,1,1,25
RO-01289,26/02/2020,BGR,3317.85,Bulgaria,1,2,0,0,0,0,0,0,0,0,0,0,0,0,0,3
RO-01233,26/02/2020,DEU,204667.96,Germany,1,103,0,0,0,0,0,2,0,0,0,2,0,2,0,106
RO-01233,26/02/2020,POL,4565.2,Poland,1,3,0,0,0,0,0,0,0,0,0,0,0,0,0,4
RO-01363,27/02/2020,FRA,38026.5,France,1,27,0,0,0,0,0,0,0,0,0,0,0,0,0,28
RO-01298,27/02/2020,DEU,126019.78,Germany,1,65,0,0,0,0,0,4,0,0,0,1,0,1,0,70
RO-01351,02/03/2020,ESP,97548.02,Spain,0,38,0,0,0,0,0,2,0,0,0,0,0,0,0,40
RO-01342,03/03/2020,FRA,54909.61,France,1,47,0,0,0,0,0,3,0,0,0,1,0,1,0,51
RO-01342,03/03/2020,LUX,1617.01,Luxembourg,0,0,0,0,0,0,0,0,0,0,0,0,0,0,0,0
RO-01281,03/03/2020,DEU,36846.38,Germany,3,30,0,0,0,0,0,3,1,0,3,1,0,4,1,37
RO-01180,03/03/2020,DEU,373503.02,Germany,1,91,0,0,0,0,0,2,0,0,0,2,0,2,0,94
RO-01180,03/03/2020,AUT,55776.96,Austria,1,22,0,0,0,0,0,0,0,0,1,0,0,1,0,23
RO-01180,03/03/2020,SWE,26751.87,Sweden,1,7,0,0,0,0,0,0,0,0,0,0,0,0,0,8
RO-01220,04/03/2020,SWE,512772.19,Sweden,2,58,0,0,0,0,0,2,3,0,1,0,0,1,3,65
RO-01220,04/03/2020,BGR,4238.97,Bulgaria,1,2,0,0,0,0,0,0,0,0,0,0,0,0,0,3
RO-01365,05/03/2020,DEU,243205.01,Germany,NA,NA,NA,NA,NA,NA,NA,NA,NA,NA,NA,NA,NA,NA,NA,NA
RO-01305,05/03/2020,DEU,85106.48,Germany,1,31,0,0,0,0,0,4,0,0,0,1,0,1,0,36
RO-01195,05/03/2020,DEU,106452.86,Germany,1,38,0,0,0,0,0,1,2,0,0,1,0,1,2,42
RO-01195,05/03/2020,ITA,25628.75,Italy,0,0,0,0,0,0,0,0,0,0,0,0,0,0,0,0
RO-01195,05/03/2020,FRA,5367.32,France,0,0,0,0,0,0,0,0,0,0,0,0,0,0,0,0
RO-01343,10/03/2020,FRA,44160.88,France,1,46,0,0,0,0,0,2,4,0,0,1,0,1,4,53
RO-01343,10/03/2020,BEL,140.71,Belgium,0,0,0,0,0,0,0,0,0,0,0,0,0,0,0,0
RO-01314,10/03/2020,DEU,144911.6,Germany,1,46,0,0,0,0,0,2,0,0,0,1,0,1,0,49
RO-01347,11/03/2020,DEU,395467.97,Germany,1,93,0,0,0,0,0,2,0,0,0,1,0,1,0,96
RO-01212,11/03/2020,AUT,78868.88,Austria,1,18,0,0,0,0,0,3,1,0,1,0,0,1,1,23
RO-01357,18/03/2020,DEU,85496.85,Germany,1,26,0,0,0,0,0,2,0,0,0,0,0,0,0,29
RO-01315,24/03/2020,DEU,81101.45,Germany,1,19,0,0,0,0,0,2,0,0,0,0,0,0,0,22
RO-01211,07/05/2020,AUT,65071.27,Austria,1,24,0,0,0,0,0,3,1,0,1,0,0,1,1,29
RO-01326,26/05/2020,DEU,97838.93,Germany,1,33,0,0,0,0,0,2,0,0,0,1,0,1,0,36
RO-01405,04/06/2020,DEU,102215.13,Germany,1,39,0,0,0,0,0,2,0,0,0,1,0,1,0,42
RO-01421,10/06/2020,DEU,149475.79,Germany,1,39,0,0,0,0,0,4,0,0,0,1,0,1,0,44
RO-01421,10/06/2020,GRC,NA,Greece,0,19,0,0,0,0,0,0,0,0,2,0,0,2,0,19
RO-01425,15/06/2020,DEU,50607.34,Germany,1,40,0,0,0,0,0,2,0,0,0,0,0,0,0,43
RO-01306,15/06/2020,DEU,81231,Germany,1,41,0,0,0,0,0,4,0,0,0,1,0,1,0,46
RO-01430,16/06/2020,FRA,60908.05,France,0,42,0,0,0,0,0,1,0,0,0,0,0,0,0,43
RO-01401,18/06/2020,AUT,58183.07,Austria,1,35,0,0,0,0,0,3,1,0,1,0,0,1,1,40
RO-01328,23/06/2020,DEU,105731.28,Germany,1,39,0,0,0,0,0,2,0,0,0,1,0,1,0,42
RO-01429,30/06/2020,FRA,60592.43,France,2,39,0,0,0,0,0,1,1,0,0,0,0,0,1,43
RO-01436,02/07/2020,DEU,105364.64,Germany,1,59,0,0,0,0,0,4,0,0,0,1,0,1,0,64
RO-01436,02/07/2020,SWE,28573.91,Sweden,1,9,0,0,0,0,0,0,0,0,0,0,0,0,0,10
RO-01437,08/07/2020,DEU,112824.92,Germany,1,58,0,0,0,0,0,1,0,0,0,1,0,1,0,60
RO-01437,08/07/2020,ISL,66927.57,Iceland,1,4,0,0,0,0,0,0,0,0,0,0,0,0,0,5
RO-01437,08/07/2020,SWE,29488.97,Sweden,1,10,0,0,0,0,0,0,0,0,0,0,0,0,0,11
RO-01186,14/07/2020,DEU,285211.87,Germany,1,74,0,0,0,0,0,2,0,0,0,1,0,1,0,77
RO-01186,14/07/2020,GRC,NA,Greece,1,16,0,0,0,0,0,0,0,0,0,0,0,0,0,17
RO-01434,15/07/2020,DEU,65256.62,Germany,1,57,0,0,0,0,0,4,0,0,0,1,0,1,0,62
RO-01463,16/07/2020,SVN,5959,Slovenia,1,2,0,0,0,0,0,0,0,0,0,0,0,0,0,3
RO-01456,16/07/2020,ITA,43430,Italy,2,52,0,0,0,0,0,2,0,0,0,0,0,0,0,56
RO-01442,16/07/2020,FRA,58478.5,France,1,33,0,0,0,0,0,1,0,0,0,0,0,0,0,35
RO-01420,16/07/2020,AUT,61601.92,Austria,1,51,0,0,0,0,0,3,1,0,1,0,0,1,1,56
RO-01409,20/07/2020,DEU,96144.16,Germany,1,47,0,0,0,0,0,4,0,0,0,1,0,1,0,52
RO-01464,22/07/2020,FIN,47470,Finland,1,11,0,0,0,0,0,1,0,0,0,0,0,0,0,13
RO-01446,22/07/2020,DEU,54682.75,Germany,1,43,0,0,0,0,0,1,0,0,0,1,0,1,0,45
RO-01426,22/07/2020,DEU,105154.71,Germany,1,68,0,0,0,0,0,2,0,0,0,1,0,1,0,71
RO-01461,23/07/2020,ITA,35348.99,Italy,1,49,0,0,0,0,0,2,0,0,0,0,0,0,0,52
RO-01462,24/07/2020,FRA,75907.56,France,1,46,0,0,0,0,0,1,0,0,0,0,0,0,0,48
RO-01467,27/07/2020,ITA,44036,Italy,2,49,0,0,0,0,0,2,0,0,0,0,0,0,0,53
RO-01428,28/07/2020,DEU,73582.13,Germany,1,65,0,0,0,0,0,2,0,0,0,1,0,1,0,68
RO-01472,30/07/2020,ITA,33833.99,Italy,2,43,0,0,0,0,0,2,0,0,0,0,0,0,0,47
RO-01465,30/07/2020,FRA,58478.5,France,1,32,0,0,0,0,0,1,0,0,0,0,0,0,0,34
RO-01435,30/07/2020,DEU,67341.85,Germany,1,56,0,0,0,0,0,4,0,0,0,1,0,1,0,61
RO-01474,03/08/2020,ITA,34744,Italy,2,48,0,0,0,0,0,2,0,0,0,0,0,0,0,52
RO-01460,04/08/2020,DEU,82905.99,Germany,1,48,0,0,0,0,0,2,0,0,0,1,0,1,0,51
RO-01460,04/08/2020,SWE,26750.86,Sweden,1,4,0,0,0,0,0,0,0,0,0,0,0,0,0,5
RO-01460,04/08/2020,NLD,6116.56,Netherlands,1,3,0,0,0,0,0,0,0,0,0,0,0,0,0,4
RO-01460,04/08/2020,ITA,24543,Italy,2,12,0,0,0,0,0,0,0,0,0,0,0,0,0,14
RO-01481,06/08/2020,FIN,47167,Finland,1,10,0,0,0,0,0,1,0,0,0,0,0,0,0,12
RO-01475,06/08/2020,ITA,33229,Italy,2,45,0,0,0,0,0,2,0,0,0,0,0,0,0,49
RO-01468,07/08/2020,ITA,49793,Italy,2,90,0,0,0,0,0,2,0,0,0,0,0,0,0,94
RO-01480,10/08/2020,ITA,37875,Italy,2,91,0,0,0,0,0,2,0,0,0,0,0,0,0,95
RO-01457,11/08/2020,DEU,64241.81,Germany,1,42,0,0,0,0,0,4,0,0,0,0,0,0,0,47
RO-01470,12/08/2020,FRA,59797.05,France,1,38,0,0,0,0,0,1,1,0,0,0,0,0,1,41
RO-01469,12/08/2020,DEU,52935.24,Germany,1,46,0,0,0,0,0,2,0,0,0,0,0,0,0,49
RO-01484,13/08/2020,ITA,41864.5,Italy,3,88,0,0,0,0,0,2,0,0,0,0,0,0,0,93
RO-01489,17/08/2020,ITA,45448.99,Italy,2,94,0,0,0,0,0,2,0,0,0,0,0,0,0,98
RO-01414,17/08/2020,DEU,169361.5,Germany,1,59,0,0,0,0,0,2,0,0,0,1,0,1,0,62
RO-01283,18/08/2020,DEU,392559.08,Germany,1,122,0,0,0,0,0,2,0,0,0,0,0,0,0,125
RO-01283,18/08/2020,AUT,45121.69,Austria,1,15,0,0,0,0,0,0,0,0,1,0,0,1,0,16
RO-01283,18/08/2020,POL,6142.36,Poland,1,3,0,0,0,0,0,0,0,0,0,0,0,0,0,4
RO-01471,19/08/2020,FRA,74522.85,France,1,39,0,0,0,0,0,1,0,0,0,0,0,0,0,41
RO-01415,19/08/2020,DEU,101031.41,Germany,1,69,0,0,0,0,0,4,0,0,0,1,0,1,0,74
RO-01490,20/08/2020,ITA,41399.9,Italy,2,88,0,0,0,0,0,2,0,0,0,0,0,0,0,92
RO-01482,20/08/2020,FIN,43041.15,Finland,1,9,0,0,0,0,0,1,0,0,0,0,0,0,0,11
RO-01438,20/08/2020,DEU,108439.82,Germany,2,19,0,0,0,0,0,1,0,0,0,1,0,1,0,22
RO-01438,20/08/2020,NLD,NA,Netherlands,0,0,0,0,0,0,0,0,0,0,0,0,0,0,0,0
RO-01495,24/08/2020,ITA,43924.9,Italy,2,87,0,0,0,0,0,2,0,0,0,0,0,0,0,91
RO-01439,25/08/2020,DEU,173951.04,Germany,1,75,0,0,0,0,0,2,0,0,0,1,0,1,0,78
RO-01485,26/08/2020,FRA,59834.93,France,1,40,0,0,0,0,0,1,0,0,0,0,0,0,0,42
RO-01466,26/08/2020,DEU,75144.83,Germany,1,57,0,0,0,0,0,2,0,0,0,1,0,1,0,60
RO-01466,26/08/2020,NLD,NA,Netherlands,1,3,0,0,0,0,0,0,0,0,0,0,0,0,0,4
RO-01494,27/08/2020,ITA,42418.99,Italy,2,91,0,0,0,0,0,2,0,0,0,0,0,0,0,95
RO-01443,27/08/2020,DEU,61392.49,Germany,1,31,0,0,0,0,0,2,0,0,0,0,0,0,0,34
RO-01515,31/08/2020,ITA,47975,Italy,2,83,0,0,0,0,0,2,0,0,0,0,0,0,0,87
RO-01491,01/09/2020,DEU,96885.32,Germany,1,65,0,0,0,0,0,1,0,0,0,1,0,1,0,67
RO-01486,02/09/2020,FRA,67916.95,France,1,43,0,0,0,0,0,1,0,0,0,0,0,0,0,45
RO-01478,02/09/2020,DEU,133620.33,Germany,1,45,0,0,0,0,0,2,0,0,0,1,0,1,0,48
RO-01444,02/09/2020,DEU,109068.74,Germany,1,71,0,0,0,0,0,2,0,0,0,1,0,1,0,74
RO-01518,03/09/2020,ITA,44934.9,Italy,1,66,0,0,0,0,0,2,0,0,0,0,0,0,0,69
RO-01517,07/09/2020,ITA,38683,Italy,1,55,0,0,0,0,0,2,0,0,0,0,0,0,0,58
RO-01284,07/09/2020,DEU,375973.16,Germany,1,95,0,0,0,0,0,4,0,0,0,1,0,1,0,100
RO-01519,10/09/2020,ITA,45349,Italy,2,88,0,0,0,0,0,2,0,0,0,0,0,0,0,92
RO-01487,10/09/2020,FRA,67258.43,France,1,39,0,0,0,0,0,1,0,0,0,0,0,0,0,41
RO-01441,10/09/2020,DEU,118265.46,Germany,1,18,0,0,0,0,0,1,2,0,0,1,0,1,2,22
RO-01441,10/09/2020,GRC,NA,Greece,0,0,0,0,0,0,0,0,0,0,0,0,0,0,0,0
RO-01520,14/09/2020,ITA,41157.5,Italy,2,91,0,0,0,0,0,2,0,0,0,0,0,0,0,95
RO-01492,15/09/2020,FRA,50847.92,France,1,34,0,0,0,0,0,2,0,0,0,1,0,1,0,37
RO-01522,17/09/2020,ITA,55449,Italy,3,89,0,0,0,0,0,2,0,0,0,0,0,0,0,94
RO-01448,17/09/2020,AUT,91758.5,Austria,1,36,0,0,0,0,0,3,0,0,1,0,0,1,0,40
RO-01448,17/09/2020,GRC,NA,Greece,1,29,0,0,0,0,0,0,0,0,1,0,0,1,0,30
RO-01546,21/09/2020,ITA,39390,Italy,2,91,0,0,0,0,0,2,0,0,0,0,0,0,0,95
RO-01551,24/09/2020,ITA,41662.5,Italy,1,86,0,0,0,0,0,2,0,0,0,0,0,0,0,89
RO-01549,24/09/2020,FRA,83214.91,France,1,58,0,0,0,0,0,1,0,0,0,0,0,0,0,60
RO-01549,24/09/2020,ESP,NA,Spain,1,4,0,0,0,0,0,0,0,0,0,0,0,0,0,5
RO-01508,24/09/2020,DEU,110258.01,Germany,1,74,0,0,0,0,0,4,0,0,0,1,0,1,0,79
RO-01544,25/09/2020,ITA,35350,Italy,3,54,0,0,0,0,0,2,0,0,1,0,0,1,0,59
RO-01553,28/09/2020,ITA,41814,Italy,2,96,0,0,0,0,0,2,0,0,0,0,0,0,0,100
RO-01521,28/09/2020,DEU,76774.55,Germany,1,66,0,0,0,0,0,4,0,0,0,1,0,1,0,71
RO-01479,28/09/2020,DEU,177058.75,Germany,1,78,0,0,0,0,0,2,0,0,0,1,0,1,0,81
RO-01479,28/09/2020,SWE,43159.38,Sweden,1,9,0,0,0,0,0,2,0,0,0,0,0,0,0,12
RO-01493,29/09/2020,FRA,50761.81,France,1,42,0,0,0,0,0,3,0,0,0,1,0,1,0,46
RO-01509,30/09/2020,DEU,90619.91,Germany,1,91,0,0,0,0,0,2,0,0,0,0,0,0,0,94
RO-01458,30/09/2020,DEU,110249.79,Germany,1,18,0,0,0,0,0,1,2,0,0,1,0,1,2,22
RO-01458,30/09/2020,ITA,23255.25,Italy,0,0,0,0,0,0,0,0,0,0,0,0,0,0,0,0
RO-01458,30/09/2020,ESP,NA,Spain,0,0,0,0,0,0,0,0,0,0,0,0,0,0,0,0
RO-01454,30/09/2020,DEU,150354.58,Germany,1,42,0,0,0,0,0,2,0,0,0,1,0,1,0,45
RO-01454,30/09/2020,NLD,5214.68,Netherlands,1,2,0,0,0,0,0,0,0,0,0,0,0,0,0,3
RO-01555,01/10/2020,ITA,51611,Italy,2,96,0,0,0,0,0,2,0,0,0,0,0,0,0,100
RO-01557,05/10/2020,ITA,54176.4,Italy,2,96,0,0,0,0,0,2,0,0,0,0,0,0,0,100
RO-01510,06/10/2020,FRA,54676.44,France,1,42,0,0,0,0,0,3,3,0,0,1,0,1,3,49
RO-01497,06/10/2020,DEU,147384.54,Germany,1,40,0,0,0,0,0,2,0,0,2,2,0,4,0,43
RO-01497,06/10/2020,ISL,62483.65,Iceland,1,8,0,0,0,0,0,0,0,0,1,0,0,1,0,9
RO-01543,07/10/2020,DEU,62303.85,Germany,1,48,0,0,0,0,0,2,0,0,0,0,0,0,0,51
RO-01498,07/10/2020,DEU,101761.87,Germany,1,68,0,0,0,0,0,2,0,0,0,1,0,1,0,71
RO-01559,08/10/2020,ITA,38885,Italy,97,0,0,0,0,0,0,2,0,0,0,0,0,0,0,99
RO-01285,08/10/2020,DEU,423668.56,Germany,1,107,0,0,0,0,0,2,0,0,0,1,0,1,0,110
RO-01285,08/10/2020,POL,3652.18,Poland,1,1,0,0,0,0,0,0,0,0,0,0,0,0,0,2
RO-01560,12/10/2020,ITA,37753.8,Italy,1,90,0,0,0,0,0,2,0,0,0,0,0,0,0,93
RO-01565,13/10/2020,ITA,35228.8,Italy,3,89,0,0,0,0,0,1,0,0,0,0,0,0,0,93
RO-01512,13/10/2020,FRA,46823.89,France,1,46,0,0,0,0,0,2,0,0,0,1,0,1,0,49
RO-01516,14/10/2020,AUT,319363.21,Austria,1,27,0,0,0,0,0,3,1,0,1,0,0,1,1,32
RO-01516,14/10/2020,GRC,NA,Greece,1,54,0,0,0,0,0,1,0,0,1,0,0,1,0,56
RO-01564,15/10/2020,ITA,39592,Italy,2,95,0,0,0,0,0,2,0,0,0,0,0,0,0,99
RO-01496,15/10/2020,DEU,98415.83,Germany,1,18,0,0,0,0,0,1,1,0,0,1,0,1,1,21
RO-01568,19/10/2020,ITA,41309,Italy,2,106,0,0,0,0,0,2,0,0,0,0,0,0,0,110
RO-01571,20/10/2020,ITA,40905,Italy,2,91,0,0,0,0,0,2,0,0,0,0,0,0,0,95
RO-01513,20/10/2020,FRA,47131.22,France,1,46,0,0,0,0,0,2,3,0,0,1,0,1,3,52
RO-01563,21/10/2020,DEU,68526.43,Germany,1,53,0,0,0,0,0,4,0,0,0,0,0,0,0,58
RO-01572,22/10/2020,ITA,40804,Italy,2,83,0,0,0,0,0,2,0,0,0,0,0,0,0,87
RO-01576,26/10/2020,ITA,40299,Italy,3,95,0,0,0,0,0,0,0,0,0,0,0,0,0,98
RO-01523,27/10/2020,DEU,428306.66,Germany,1,55,0,0,0,0,0,2,0,0,0,1,0,1,0,58
RO-01514,27/10/2020,FRA,47347.68,France,1,46,0,0,0,0,0,2,3,0,0,1,0,1,3,52
RO-01393,28/10/2020,NOR,95534.62,Norway,1,12,0,0,0,0,0,1,0,0,0,0,0,0,0,14
RO-01578,29/10/2020,ITA,47470,Italy,2,100,0,0,0,0,0,2,0,0,0,0,0,0,0,104
RO-01570,29/10/2020,DEU,82539.04,Germany,1,42,0,0,0,0,0,2,0,0,0,1,0,1,0,45
RO-01570,29/10/2020,ITA,22149.3,Italy,2,12,0,0,0,0,0,0,0,0,0,0,0,0,0,14
RO-01525,03/11/2020,DEU,340562.08,Germany,1,46,0,0,0,0,0,2,0,0,0,0,0,0,0,49
RO-01525,03/11/2020,ISL,34410.7,Iceland,1,2,0,0,0,0,0,0,0,0,0,0,0,0,0,3
RO-01525,03/11/2020,MLT,3055.25,Malta,1,4,0,0,0,0,0,0,0,0,0,0,0,0,0,5
RO-01524,03/11/2020,FRA,45538.61,France,1,45,0,0,0,0,0,2,3,0,0,1,0,1,3,51
RO-01556,04/11/2020,DEU,82611.69,Germany,1,44,0,0,0,0,0,2,0,0,0,1,0,1,0,47
RO-01526,05/11/2020,AUT,89962.81,Austria,1,32,0,0,0,0,0,3,0,0,1,0,0,1,0,36
RO-01526,05/11/2020,DEU,12862.68,Germany,1,26,0,0,0,0,0,0,0,0,0,0,0,0,0,27
RO-01526,05/11/2020,FRA,11838.63,France,9,0,0,0,0,0,0,0,0,0,0,0,0,0,0,9
RO-01548,09/11/2020,DEU,206342.44,Germany,1,54,0,0,0,0,0,2,0,0,0,0,0,0,0,57
RO-01577,10/11/2020,ESP,96191.49,Spain,1,44,0,0,0,0,0,2,0,0,0,0,0,0,0,47
RO-01530,10/11/2020,DEU,103906.71,Germany,1,18,0,0,0,0,0,1,2,0,0,1,0,1,2,22
RO-01530,10/11/2020,ITA,21795.8,Italy,0,0,0,0,0,0,0,0,0,0,0,0,0,0,0,0
RO-01528,10/11/2020,FRA,45124.75,France,1,45,0,0,0,0,0,2,3,0,0,1,0,1,3,51
RO-01566,11/11/2020,FIN,98776.99,Finland,1,11,0,0,0,0,0,0,0,0,1,0,0,1,0,12
RO-01529,11/11/2020,DEU,90494.94,Germany,NA,NA,NA,NA,NA,NA,NA,NA,NA,NA,NA,NA,NA,NA,NA,NA
RO-01558,12/11/2020,DEU,50983.71,Germany,1,60,0,0,0,0,0,1,0,0,0,0,0,0,0,62
RO-01558,12/11/2020,ISL,68237.62,Iceland,1,8,0,0,0,0,0,0,0,0,1,0,0,1,0,9
RO-01547,12/11/2020,DEU,362481.08,Germany,1,26,0,0,0,0,0,2,0,0,0,1,0,1,0,29
RO-01547,12/11/2020,AUT,19853.57,Austria,1,61,0,0,0,0,0,3,0,0,1,0,0,1,0,65
RO-01547,12/11/2020,BGR,4393.5,Bulgaria,1,2,0,0,0,0,0,0,0,0,0,0,0,0,0,3
RO-01547,12/11/2020,SWE,16089.3,Sweden,1,2,0,0,0,0,0,0,0,0,0,0,0,0,0,3
RO-01547,12/11/2020,HUN,3490.68,Hungary,1,4,0,0,0,0,0,0,0,0,0,0,0,0,0,5
RO-01547,12/11/2020,ROU,3787.5,Romania,1,2,0,0,0,0,0,0,0,0,0,0,0,0,0,3
RO-01561,17/11/2020,DEU,137936.07,Germany,1,31,0,0,0,0,0,1,0,0,0,1,0,1,0,33
RO-01552,17/11/2020,DEU,69458.36,Germany,1,58,0,0,0,0,0,2,0,0,0,1,0,1,0,61
RO-01552,17/11/2020,FRA,14827.08,France,1,9,0,0,0,0,0,0,0,0,0,0,0,0,0,10
RO-01532,17/11/2020,FRA,45335.88,France,1,47,0,0,0,0,0,2,3,0,0,1,0,1,3,53
RO-01561,18/11/2020,ROU,3078.48,Romania,NA,NA,NA,NA,NA,NA,NA,NA,NA,NA,NA,NA,NA,NA,NA,NA
RO-01527,18/11/2020,DEU,162979.34,Germany,1,92,0,0,0,0,0,2,0,0,0,1,0,1,0,95
RO-01527,18/11/2020,NOR,3456.01,Norway,1,2,0,0,0,0,0,0,0,0,0,0,0,0,0,3
RO-01533,19/11/2020,DEU,139438.4,Germany,1,50,0,0,0,0,0,2,0,0,0,1,0,1,0,53
RO-01574,23/11/2020,DEU,86765.45,Germany,1,75,0,0,0,0,0,4,0,0,0,1,0,1,0,80
RO-01537,24/11/2020,FRA,45693.58,France,1,47,0,0,0,0,0,2,3,0,0,1,0,1,3,53
RO-01511,24/11/2020,DEU,84113.81,Germany,1,85,0,0,0,0,0,2,0,0,0,1,0,1,0,88
RO-01536,26/11/2020,DEU,77135.73,Germany,1,58,0,0,0,0,0,2,0,0,0,1,0,1,0,61
RO-01535,26/11/2020,DEU,107204.82,Germany,2,18,0,0,0,0,0,1,1,0,0,1,0,1,1,22
RO-01535,26/11/2020,ITA,23230,Italy,0,0,0,0,0,0,0,0,0,0,0,0,0,0,0,0
RO-01535,26/11/2020,FRA,5300.49,France,0,0,0,0,0,0,0,0,0,0,0,0,0,0,0,0
RO-01598,01/12/2020,ITA,41195.88,Italy,1,105,0,0,0,0,0,2,0,0,0,0,0,0,0,108
RO-01580,01/12/2020,FRA,46670.38,France,1,47,0,0,0,0,0,2,3,0,0,1,0,1,3,53
RO-01542,01/12/2020,DEU,124886.03,Germany,1,54,0,0,0,0,0,2,0,0,0,1,0,1,0,57
RO-01575,02/12/2020,DEU,139793.79,Germany,1,74,0,0,0,0,0,2,0,0,0,0,0,0,0,77
RO-01575,02/12/2020,BGR,3617.82,Bulgaria,1,2,0,0,0,0,0,0,0,0,0,0,0,0,0,3
RO-01562,02/12/2020,DEU,246338.97,Germany,1,92,0,0,0,0,0,1,0,0,0,1,0,1,0,94
RO-01602,03/12/2020,ITA,62519,Italy,1,94,0,0,0,0,0,2,0,0,0,0,0,0,0,97
RO-01593,03/12/2020,ESP,146944.9,Spain,1,63,0,0,0,0,0,2,0,0,2,0,0,2,0,66
RO-01545,03/12/2020,AUT,47884.1,Austria,1,50,0,0,0,0,0,3,0,0,1,0,0,1,0,54
RO-01622,07/12/2020,ITA,58559.8,Italy,2,95,0,0,0,0,0,2,0,0,0,0,0,0,0,99
RO-01590,08/12/2020,DEU,101635.27,Germany,1,48,0,0,0,0,0,2,0,0,0,1,0,1,0,51
RO-01582,09/12/2020,FRA,46334.09,France,1,47,0,0,0,0,0,2,5,0,0,1,0,1,5,55
RO-01582,09/12/2020,NLD,2180.89,Netherlands,0,0,0,0,0,0,0,0,0,0,0,0,0,0,0,0
RO-01582,09/12/2020,BEL,121.12,Belgium,0,0,0,0,0,0,0,0,0,0,0,0,0,0,0,0
RO-01586,09/12/2020,DEU,90715.99,Germany,1,66,0,0,0,0,0,2,0,0,0,1,0,1,0,69
RO-01623,10/12/2020,ITA,59539.5,Italy,1,102,0,0,0,0,0,2,0,0,0,0,0,0,0,105
RO-01600,10/12/2020,DEU,52937.16,Germany,1,37,0,0,0,0,0,2,0,0,0,0,0,0,0,40
RO-01591,10/12/2020,DEU,389743.3,Germany,1,89,0,0,0,0,0,1,0,0,0,1,0,1,0,91
RO-01591,10/12/2020,POL,4901.6,Poland,1,3,0,0,0,0,0,0,0,0,0,0,0,0,0,4
RO-01591,10/12/2020,AUT,16197.37,Austria,1,42,0,0,0,0,0,0,0,0,1,0,0,1,0,43
RO-01591,10/12/2020,SVK,1452.56,Slovakia,1,5,0,0,0,0,0,0,0,0,1,0,0,1,0,6
RO-01583,10/12/2020,DEU,97113.04,Germany,1,89,0,0,0,0,0,2,0,0,0,1,0,1,0,92
RO-01584,11/12/2020,DEU,88007.11,Germany,1,66,0,0,0,0,0,3,0,0,0,1,0,1,0,70
RO-01630,14/12/2020,ITA,60286.9,Italy,2,79,0,0,0,0,0,2,0,0,0,0,0,0,0,83
RO-01629,15/12/2020,ITA,41208,Italy,2,77,0,0,0,0,0,2,0,0,1,0,0,1,0,81
RO-01592,15/12/2020,SWE,NA,Sweden,0,0,0,0,0,0,0,0,0,0,0,0,0,0,0,0
RO-01592,15/12/2020,AUT,8959.71,Austria,1,23,0,0,0,0,0,2,0,0,1,0,0,1,0,26
RO-01592,15/12/2020,BGR,3739.02,Bulgaria,1,2,0,0,0,0,0,0,0,0,0,0,0,0,0,3
RO-01587,15/12/2020,FRA,46802.98,France,1,48,0,0,0,0,0,2,3,0,0,1,0,1,3,54
RO-01624,16/12/2020,FRA,97461.64,France,1,33,0,0,0,0,0,1,0,0,0,0,0,0,0,35
RO-01601,16/12/2020,ESP,375742.57,Spain,1,124,0,0,0,0,0,2,0,0,2,0,0,2,0,127
RO-01597,16/12/2020,DEU,346730.16,Germany,1,106,0,0,0,0,0,1,0,0,0,0,0,0,0,108
RO-01594,16/12/2020,DEU,139831.14,Germany,1,52,0,0,0,0,0,2,0,0,0,1,0,1,0,55
RO-01631,17/12/2020,ITA,39892.98,Italy,2,68,0,0,0,0,0,2,0,0,0,0,0,0,0,72
RO-01585,17/12/2020,DEU,104181.22,Germany,2,19,0,0,0,0,0,1,0,0,0,1,0,1,0,22
RO-01585,17/12/2020,ITA,22843.17,Italy,0,0,0,0,0,0,0,0,0,0,0,0,0,0,0,0
RO-01573,17/12/2020,POL,15259.96,Poland,3,42,0,0,0,0,0,3,0,0,1,0,0,1,0,48
RO-01573,17/12/2020,CZE,4620.75,Czech Republic,1,24,0,0,0,0,0,0,0,0,0,0,0,0,0,25
RO-01573,17/12/2020,NLD,6132.77,Netherlands,1,4,0,0,0,0,0,0,0,0,0,0,0,0,0,5
RO-01599,18/12/2020,NLD,126776.31,Netherlands,1,38,0,0,0,0,0,1,0,0,2,0,0,2,0,40
RO-01595,18/12/2020,DEU,95272.35,Germany,1,87,0,0,0,0,0,2,0,0,0,0,0,0,0,90
RO-01596,21/12/2020,DEU,161900.48,Germany,1,12,0,0,0,0,0,2,0,0,0,1,0,1,0,15
RO-01633,21/12/2020,ITA,29764.7,Italy,2,48,0,0,0,0,0,2,0,0,0,0,0,0,0,52
RO-01634,22/12/2020,ITA,41006,Italy,2,56,0,0,0,0,0,2,0,0,0,0,NA,0,0,60
RO-01588,23/12/2020,FRA,45259.12,France,1,48,0,0,0,0,0,2,3,0,0,1,0,1,3,54
RO-01603,28/12/2020,ROU,1636.2,Romania,1,47,0,0,0,0,0,1,0,0,1,0,0,1,0,49
RO-01656,04/01/2021,ITA,29461.7,Italy,1,91,0,0,0,0,0,3,0,0,2,0,0,2,0,95
RO-01604,06/01/2021,FRA,42619.36,France,1,48,0,0,0,0,0,2,3,0,0,1,0,1,3,54
RO-01658,07/01/2021,ITA,33259.3,Italy,1,91,0,0,0,0,0,2,0,0,0,0,0,0,0,94
RO-01632,07/01/2021,LUX,31365.29,Luxembourg,2,27,0,0,0,0,0,1,1,0,1,0,0,1,1,31
RO-01609,12/01/2021,DEU,410884.88,Germany,1,83,0,0,0,0,0,2,0,0,0,0,0,0,0,86
RO-01607,12/01/2021,FRA,43965.98,France,1,46,0,0,0,0,0,2,4,0,0,1,0,1,4,53
RO-01605,13/01/2021,DEU,84990.35,Germany,1,54,0,0,0,0,0,2,0,0,0,1,0,1,0,57
RO-01606,15/01/2021,DEU,71263.38,Germany,1,51,0,0,0,0,0,2,0,0,0,0,0,0,0,54
RO-01606,15/01/2021,AUT,23145.16,Austria,0,3,0,0,0,0,0,0,0,0,0,0,0,0,0,3
RO-01606,15/01/2021,AUT,23145.16,Austria,1,3,0,0,0,0,0,0,0,0,1,0,0,1,0,4
RO-01660,15/01/2021,ITA,58428.5,Italy,2,94,0,0,0,0,0,2,0,0,0,0,0,0,0,98
RO-01627,18/01/2021,DEU,328134.81,Germany,1,101,0,0,0,0,0,0,0,0,0,0,0,0,0,102
RO-01627,18/01/2021,ROU,3011.82,Romania,1,2,0,0,0,0,0,0,0,0,0,0,0,0,0,3
RO-01615,19/01/2021,FRA,44628.22,France,1,47,0,0,0,0,0,2,3,0,0,1,0,1,3,53
RO-01616,19/01/2021,DEU,397266.4,Germany,1,105,0,0,0,0,0,2,0,0,0,0,0,0,0,108
RO-01616,19/01/2021,HUN,1975.38,Hungary,1,2,0,0,0,0,0,0,0,0,0,0,0,0,0,3
RO-01616,19/01/2021,AUT,14354.12,Austria,1,34,0,0,0,0,0,0,0,0,1,0,0,1,0,35
RO-01614,19/01/2021,DEU,92617.15,Germany,1,64,0,0,0,0,0,2,0,0,0,1,0,1,0,67
RO-01612,19/01/2021,DEU,152876.18,Germany,1,91,0,0,0,0,0,2,0,0,0,0,0,0,0,94
RO-01671,21/01/2021,ITA,69679.9,Italy,1,55,0,0,0,0,0,2,0,0,0,0,0,0,0,58
RO-01611,21/01/2021,DEU,71747.43,Germany,1,48,0,0,0,0,0,2,0,0,0,0,0,0,0,51
RO-01610,21/01/2021,DEU,78852.47,Germany,1,59,0,0,0,0,0,4,0,0,0,0,0,0,0,64
RO-01610,21/01/2021,FRA,13281.65,France,1,6,0,0,0,0,0,0,0,0,0,0,0,0,0,7
RO-01610,21/01/2021,FRA,13281.65,France,0,3,0,0,0,0,0,0,0,0,0,0,0,0,0,3
RO-01657,22/01/2021,DEU,64628.06,Germany,1,57,0,0,0,0,0,1,0,0,0,0,0,0,0,59
RO-01628,26/01/2021,GRC,NA,Greece,1,63,0,0,0,0,0,1,0,0,1,0,0,1,0,65
RO-01619,26/01/2021,FRA,43907.72,France,1,44,0,0,0,0,0,2,3,0,0,1,0,1,3,50
RO-01618,26/01/2021,DEU,163633.72,Germany,1,74,0,0,0,0,0,2,0,0,0,0,0,0,0,77
RO-01659,27/01/2021,DEU,139793.79,Germany,1,58,0,0,0,0,0,1,0,0,0,0,0,0,0,60
RO-01625,27/01/2021,CHE,199485.43,Switzerland,1,16,0,0,0,0,0,2,0,0,1,0,0,1,0,19
RO-01625,27/01/2021,DEU,29033.31,Germany,1,11,0,0,0,0,0,0,0,0,0,0,0,0,0,12
RO-01626,28/01/2021,AUT,6556.65,Austria,1,34,0,0,0,0,0,3,0,0,1,0,0,1,0,38
RO-01626,28/01/2021,CHE,20255.27,Switzerland,1,3,0,0,0,0,0,0,0,0,1,0,0,1,0,4
RO-01626,28/01/2021,DEU,125109.01,Germany,1,25,0,0,0,0,0,0,0,0,0,0,0,0,0,26
RO-01698,28/01/2021,ITA,70467.7,Italy,1,56,0,0,0,0,0,2,0,0,0,0,0,0,0,59
RO-01663,29/01/2021,FRA,78002.3,France,1,41,0,0,0,0,0,1,0,0,0,0,0,0,0,43
RO-01635,29/01/2021,DEU,78118.77,Germany,1,89,0,0,0,0,0,2,0,0,0,1,0,1,0,92
RO-01637,02/02/2021,DEU,71794.56,Germany,1,66,0,0,0,0,0,2,2,0,0,0,0,0,2,71
RO-01639,02/02/2021,DEU,66335.1,Germany,1,60,0,0,0,0,0,2,0,0,0,1,0,1,0,63
RO-01636,02/02/2021,FRA,43615.61,France,1,45,0,0,0,0,0,2,0,0,0,1,0,1,0,48
RO-01669,04/02/2021,DEU,84909.72,Germany,1,70,0,0,0,0,0,4,0,0,0,0,0,0,0,75
RO-01706,08/02/2021,ITA,74639,Italy,1,83,0,0,0,0,0,2,0,0,0,0,0,0,0,86
RO-01644,09/02/2021,DEU,409055.23,Germany,1,126,0,0,0,0,0,1,1,0,0,0,0,0,1,129
RO-01642,09/02/2021,DEU,157995.09,Germany,1,76,0,0,0,0,0,2,0,0,0,0,0,0,0,79
RO-01642,09/02/2021,BEL,493.83,Belgium,1,2,0,0,0,0,0,0,0,0,0,0,0,0,0,3
RO-01640,09/02/2021,FRA,44530.18,France,1,44,0,0,0,0,0,2,3,0,0,1,0,1,3,50
RO-01653,10/02/2021,AUT,337837.56,Austria,1,34,0,0,0,0,0,1,1,0,1,0,0,1,1,37
RO-01653,10/02/2021,GRC,NA,Greece,1,33,0,0,0,0,0,0,0,0,1,0,0,1,0,34
RO-01653,10/02/2021,SVN,583.86,Slovenia,1,1,0,0,0,0,0,0,0,0,0,0,0,0,0,2
RO-01723,11/02/2021,ITA,34340,Italy,1,43,0,0,0,0,0,2,0,0,0,0,0,0,0,46
RO-01643,11/02/2021,DEU,106774.2,Germany,2,19,0,0,0,0,0,1,0,0,0,1,0,1,0,22
RO-01643,11/02/2021,ITA,64337,Italy,0,0,0,0,0,0,0,0,0,0,0,0,0,0,0,0
RO-01641,11/02/2021,DEU,71190.44,Germany,1,55,0,0,0,0,0,2,0,0,0,1,0,1,0,58
RO-01725,15/02/2021,ITA,66559,Italy,1,35,0,0,0,0,0,2,0,0,0,0,0,0,0,38
RO-01645,16/02/2021,FRA,43631.03,France,1,44,0,0,0,0,0,2,3,0,0,1,0,1,3,50
RO-01654,17/02/2021,DEU,316443.71,Germany,1,89,0,0,0,0,0,1,1,0,0,0,0,0,1,92
RO-01724,18/02/2021,ITA,73326,Italy,2,59,0,0,0,0,0,2,0,0,2,0,0,2,0,63
RO-01729,22/02/2021,ITA,74235,Italy,4,58,0,0,0,0,0,2,0,0,0,0,0,0,0,64
RO-01665,23/02/2021,DEU,166582.2,Germany,1,74,0,0,0,0,0,2,0,0,0,0,0,0,0,77
RO-01668,23/02/2021,DEU,109210.21,Germany,1,93,0,0,0,0,0,2,0,0,0,0,0,0,0,96
RO-01648,23/02/2021,SWE,551705.46,Sweden,2,38,0,0,0,0,0,3,0,0,1,0,0,1,0,43
RO-01648,23/02/2021,LUX,29664.39,Luxembourg,2,3,0,0,0,0,0,1,0,0,1,0,0,1,0,6
RO-01648,23/02/2021,AUT,6801.34,Austria,1,38,0,0,0,0,0,0,0,0,0,0,0,0,0,39
RO-01648,23/02/2021,BGR,5246.95,Bulgaria,1,4,0,0,0,0,0,0,0,0,0,0,0,0,0,5
RO-01648,23/02/2021,BEL,5697.33,Belgium,1,4,0,0,0,0,0,0,0,0,0,0,0,0,0,5
RO-01648,23/02/2021,HUN,1453.84,Hungary,1,4,0,0,0,0,0,0,0,0,0,0,0,0,0,5
RO-01648,23/02/2021,SVK,212.1,Slovakia,1,1,0,0,0,0,0,0,0,0,1,0,0,1,0,2
RO-01647,23/02/2021,FRA,47783.58,France,1,46,0,0,0,0,0,3,3,0,0,1,0,1,3,53
RO-01707,25/02/2021,DEU,75655.68,Germany,1,46,0,0,0,0,0,2,0,0,0,0,0,0,0,49
RO-01667,25/02/2021,DEU,81151.4,Germany,1,73,0,0,0,0,0,4,0,0,0,0,0,0,0,78
RO-01650,25/02/2021,DEU,64981.46,Germany,1,83,0,0,0,0,0,2,0,0,0,0,0,0,0,86
RO-01736,01/03/2021,ITA,73326,Italy,1,63,0,0,0,0,0,2,0,0,0,0,0,0,0,66
RO-01737,02/03/2021,FRA,43316.88,France,1,20,0,0,0,0,0,1,0,0,0,0,0,0,0,22
RO-01704,02/03/2021,GRC,NA,Greece,1,58,0,0,0,0,0,1,0,0,0,0,0,0,0,60
RO-01675,03/03/2021,DEU,158531.48,Germany,1,100,0,0,0,0,0,2,1,0,0,1,0,1,1,104
RO-01675,03/03/2021,FIN,35556.04,Finland,1,3,0,0,0,0,0,0,0,0,0,0,0,0,0,4
RO-01675,03/03/2021,SWE,13959.74,Sweden,1,3,0,0,0,0,0,0,0,0,0,0,0,0,0,4
RO-01674,03/03/2021,DEU,85263.68,Germany,1,68,0,0,0,0,0,2,0,0,0,1,0,1,0,71
RO-01739,04/03/2021,ITA,76255,Italy,2,87,0,0,0,0,0,2,0,0,0,0,0,0,0,91
RO-01705,04/03/2021,DEU,49329.44,Germany,1,50,0,0,0,0,0,2,0,0,0,0,0,0,0,53
RO-01743,08/03/2021,ITA,77265,Italy,2,82,0,0,0,0,0,2,0,0,0,0,0,0,0,86
RO-01740,09/03/2021,FRA,43269.92,France,1,31,0,0,0,0,0,1,0,0,0,0,0,0,0,33
RO-01679,09/03/2021,DEU,413143.11,Germany,1,107,0,0,0,0,0,2,1,0,0,0,0,0,1,111
RO-01746,11/03/2021,ITA,58580,Italy,2,62,0,0,0,0,0,2,0,0,0,0,0,0,0,66
RO-01678,11/03/2021,AUT,16432.7,Austria,1,25,0,0,0,0,0,3,0,0,1,0,0,1,0,29
RO-01678,11/03/2021,CZE,1169.58,Czech Republic,1,5,0,0,0,0,0,0,0,0,1,0,0,1,0,6
RO-01678,11/03/2021,SWE,27361.24,Sweden,0,0,0,0,0,0,0,0,0,0,0,0,0,0,0,0
RO-01678,11/03/2021,SWE,27361.24,Sweden,1,6,0,0,0,0,0,0,0,0,0,0,0,0,0,7
RO-01678,11/03/2021,GRC,NA,Greece,1,13,0,0,0,0,0,0,0,0,0,0,0,0,0,14
RO-01676,11/03/2021,DEU,99985.62,Germany,1,18,0,0,0,0,0,1,2,0,0,1,0,1,2,22
RO-01676,11/03/2021,ISL,57741.43,Iceland,0,0,0,0,0,0,0,0,0,0,0,0,0,0,0,0
RO-01677,12/03/2021,DEU,75535.54,Germany,1,39,0,0,0,0,0,2,0,0,0,0,0,0,0,42
RO-01744,16/03/2021,FRA,43129.02,France,1,30,0,0,0,0,0,1,0,0,0,0,0,0,0,32
RO-01683,16/03/2021,DEU,324562.74,Germany,1,115,0,0,0,0,0,1,0,0,0,0,0,0,0,117
RO-01683,16/03/2021,POL,2590.12,Poland,1,5,0,0,0,0,0,0,0,0,0,0,0,0,0,6
RO-01682,16/03/2021,DEU,152419.89,Germany,1,74,0,0,0,0,0,2,0,0,0,1,0,1,0,77
RO-01682,16/03/2021,BEL,493.83,Belgium,1,2,0,0,0,0,0,0,0,0,0,0,0,0,0,3
RO-01682,16/03/2021,SWE,24109.65,Sweden,1,2,0,0,0,0,0,0,0,0,0,0,0,0,0,3
RO-01765,18/03/2021,ITA,60589.9,Italy,1,59,0,0,0,0,0,2,0,0,0,0,0,0,0,62
RO-01747,19/03/2021,ITA,85850,Italy,2,71,0,0,0,0,0,2,0,0,0,0,0,0,0,75
RO-01681,19/03/2021,DEU,93147.01,Germany,1,45,0,0,0,0,0,2,0,0,0,1,0,1,0,48
RO-01681,19/03/2021,SWE,31517.82,Sweden,1,7,0,0,0,0,0,0,0,0,0,0,0,0,0,8
RO-01681,19/03/2021,SWE,31517.82,Sweden,0,2,0,0,0,0,0,0,0,0,0,0,0,0,0,2
RO-01768,22/03/2021,ITA,69488,Italy,2,71,0,0,0,0,0,2,0,0,0,0,0,0,0,75
RO-01745,23/03/2021,FRA,43316.88,France,1,27,0,0,0,0,0,1,0,0,0,0,0,0,0,29
RO-01687,23/03/2021,DEU,159645.39,Germany,1,73,0,0,0,0,0,2,0,0,0,0,0,0,0,76
RO-01686,23/03/2021,DEU,406747.88,Germany,1,75,0,0,0,0,0,2,0,0,0,1,0,1,0,78
RO-01686,23/03/2021,SWE,46981.37,Sweden,1,5,0,0,0,0,0,0,0,0,0,0,0,0,0,6
RO-01685,23/03/2021,ESP,443528.77,Spain,1,148,0,0,0,0,0,2,0,0,4,0,0,4,0,151
RO-01685,23/03/2021,SWE,67093.89,Sweden,1,8,0,0,0,0,0,0,0,0,0,0,0,0,0,9
RO-01685,23/03/2021,POL,3899.96,Poland,1,2,0,0,0,0,0,0,0,0,0,0,0,0,0,3
RO-01685,23/03/2021,PRT,557.52,Portugal,1,2,0,0,0,0,0,0,0,0,0,0,0,0,0,3
RO-01732,24/03/2021,DEU,74502.66,Germany,1,70,0,0,0,0,0,4,0,0,0,0,0,0,0,75
RO-01684,25/03/2021,DEU,107627.06,Germany,1,18,0,0,0,0,0,1,2,0,0,1,0,1,2,22
RO-01684,25/03/2021,ITA,71912,Italy,0,0,0,0,0,0,0,0,0,0,0,0,0,0,0,0
RO-01772,25/03/2021,ITA,34542,Italy,2,78,0,0,0,0,0,2,0,0,0,0,0,0,0,82
RO-01702,29/03/2021,DEU,66125.51,Germany,1,77,0,0,0,0,0,2,0,0,0,1,0,1,0,80
RO-01702,29/03/2021,NOR,14800.08,Norway,1,2,0,0,0,2,0,1,0,0,0,0,0,0,0,4
RO-01773,29/03/2021,ITA,80295,Italy,2,58,0,0,0,0,0,2,0,0,0,0,0,0,0,62
RO-01749,30/03/2021,FRA,43316.88,France,1,29,0,0,0,0,0,1,0,0,0,0,0,0,0,31
RO-01691,30/03/2021,SWE,558537.63,Sweden,2,30,0,0,0,0,0,3,0,0,1,0,0,1,0,35
RO-01691,30/03/2021,AUT,7689.64,Austria,1,33,0,0,0,0,0,0,0,0,1,0,0,1,0,34
RO-01691,30/03/2021,BGR,3026.97,Bulgaria,1,2,0,0,0,0,0,0,0,0,0,0,0,0,0,3
RO-01691,30/03/2021,ROU,2121.04,Romania,1,5,0,0,0,0,0,0,0,0,0,0,0,0,0,6
RO-01691,30/03/2021,HUN,1857.96,Hungary,1,6,0,0,0,0,0,0,0,0,0,0,0,0,0,7
RO-01689,30/03/2021,DEU,372184.19,Germany,1,80,0,0,0,0,0,2,0,0,0,0,0,0,0,83
RO-01689,30/03/2021,CHE,37010.02,Switzerland,1,13,0,0,0,0,0,0,0,0,0,0,0,0,0,14
RO-01703,31/03/2021,DEU,148145.89,Germany,NA,NA,NA,NA,NA,NA,NA,NA,NA,NA,NA,NA,NA,NA,NA,NA
RO-01690,31/03/2021,DEU,93656.29,Germany,1,77,0,0,0,0,0,4,1,0,0,0,0,0,1,83
RO-01774,01/04/2021,ITA,72316,Italy,2,76,0,0,0,0,0,2,0,0,0,0,0,0,0,80
RO-01734,06/04/2021,FRA,44035.12,France,1,44,0,0,0,0,0,2,3,0,0,1,0,1,3,50
RO-01734,06/04/2021,LUX,2317.18,Luxembourg,0,0,0,0,0,0,0,0,0,0,0,0,0,0,0,0
RO-01710,07/04/2021,DEU,402919.85,Germany,1,78,0,0,0,0,0,1,0,0,0,0,0,0,0,80
RO-01709,08/04/2021,DEU,107157.06,Germany,0,0,0,0,0,0,0,2,3,0,1,1,0,2,3,5
RO-01709,08/04/2021,FRA,4073.33,France,0,0,0,0,0,0,0,0,0,0,0,0,0,0,0,0
RO-01709,08/04/2021,ITA,35249,Italy,0,0,0,0,0,0,0,0,0,0,0,0,0,0,0,0
RO-01673,08/04/2021,AUT,5248.97,Austria,1,38,0,0,0,0,0,3,0,0,1,0,0,1,0,42
RO-01673,08/04/2021,BEL,47.65,Belgium,1,8,0,0,0,0,0,0,1,0,0,0,0,0,1,10
RO-01775,08/04/2021,ITA,80749.5,Italy,2,81,0,0,0,0,0,3,0,0,0,0,0,0,0,86
RO-01735,13/04/2021,FRA,43450.06,France,1,47,0,0,0,0,0,2,0,0,0,1,0,1,0,50
RO-01735,13/04/2021,BEL,103.22,Belgium,0,0,0,0,0,0,0,0,0,0,0,0,0,0,0,0
RO-01712,13/04/2021,DEU,82796.81,Germany,1,44,0,0,0,0,0,2,0,0,0,0,0,0,0,47
RO-01776,13/04/2021,ITA,85850,Italy,1,58,0,0,0,0,0,2,0,0,0,0,0,0,0,61
RO-01713,14/04/2021,ESP,195975.96,Spain,1,60,0,0,0,0,0,2,0,0,0,0,0,0,0,63
RO-01713,14/04/2021,DEU,14577.68,Germany,1,33,0,0,0,0,0,1,0,0,0,0,0,0,0,35
RO-01711,14/04/2021,DEU,106283.33,Germany,1,73,0,0,0,0,0,4,0,0,0,0,0,0,0,78
RO-01711,14/04/2021,FRA,10483.76,France,0,5,0,0,0,0,0,0,0,0,0,0,0,0,0,5
RO-01711,14/04/2021,FRA,10483.76,France,0,4,0,0,0,0,0,0,0,0,0,0,0,0,0,4
RO-01714,14/04/2021,AUT,14686.41,Austria,1,19,0,0,0,0,0,1,2,0,1,0,0,1,2,23
RO-01714,14/04/2021,CHE,16219.66,Switzerland,1,4,0,0,0,0,0,0,0,0,1,0,0,1,0,5
RO-01714,14/04/2021,SWE,34577.04,Sweden,1,4,0,0,0,0,0,0,0,0,0,0,0,0,0,5
RO-01714,14/04/2022,GRC,NA,Greece,NA,NA,NA,NA,NA,NA,NA,NA,NA,NA,NA,NA,NA,NA,NA,NA
RO-01782,15/04/2021,ITA,80396,Italy,2,65,0,0,0,0,0,2,0,0,0,0,0,0,0,69
RO-01726,15/04/2021,DEU,76288.42,Germany,1,60,0,0,0,0,0,2,0,0,0,1,0,1,0,63
RO-01783,19/04/2021,ITA,80295,Italy,2,90,0,0,0,0,0,0,0,0,0,0,0,0,0,92
RO-01733,20/04/2021,FRA,44052.19,France,0,49,0,0,0,0,0,1,0,0,0,1,0,1,0,50
RO-01727,20/04/2021,DEU,328018.44,Germany,1,112,0,0,0,0,0,2,0,0,0,0,0,0,0,115
RO-01717,21/04/2021,DEU,78505.81,Germany,1,62,0,0,0,0,0,2,0,0,0,0,0,0,0,65
RO-01784,22/04/2021,ITA,80396,Italy,2,97,0,0,0,0,0,2,0,0,2,0,0,2,0,101
RO-01715,22/04/2021,DEU,87546.34,Germany,1,43,0,0,0,0,0,2,0,0,0,1,0,1,0,46
RO-01715,22/04/2021,BEL,113.12,Belgium,1,2,0,0,0,0,0,0,0,0,0,0,0,0,0,3
RO-01802,26/04/2021,ITA,78780,Italy,2,89,0,0,0,0,0,2,0,0,0,0,0,0,0,93
RO-01785,27/04/2021,ITA,92920,Italy,2,106,0,0,0,0,0,2,0,0,2,0,0,2,0,110
RO-01741,27/04/2021,FRA,45155.08,France,1,31,0,0,0,0,0,1,0,0,0,0,0,0,0,33
RO-01720,28/04/2021,DEU,200800.2,Germany,1,75,0,0,0,0,0,2,0,0,0,2,0,2,0,78
RO-01721,29/04/2021,AUT,17484.11,Austria,1,25,0,0,0,0,0,1,0,0,1,0,0,1,0,27
RO-01721,29/04/2022,GRC,NA,Greece,NA,NA,NA,NA,NA,NA,NA,NA,NA,NA,NA,NA,NA,NA,NA,NA
RO-01719,29/04/2021,DEU,68376.6,Germany,1,66,0,0,0,0,0,2,0,0,0,0,0,0,0,69
RO-01719,29/04/2021,FRA,11286.67,France,0,6,0,0,0,0,0,0,0,0,0,0,0,0,0,6
RO-01719,29/04/2021,FRA,11286.67,France,0,3,0,0,0,0,0,0,0,0,0,0,0,0,0,3
RO-01807,03/05/2021,ITA,80699,Italy,1,62,0,0,0,0,0,2,0,0,0,0,0,0,0,65
RO-01778,04/05/2021,FRA,44730.88,France,1,33,0,0,0,0,0,1,0,0,0,0,0,0,0,35
RO-01699,06/05/2021,AUT,6723.57,Austria,1,34,0,0,0,0,0,1,0,0,1,0,0,1,0,36
RO-01750,06/05/2021,DEU,106893.88,Germany,1,28,0,0,0,0,0,1,2,0,0,1,0,1,2,32
RO-01750,06/05/2021,ITA,38784,Italy,0,0,0,0,0,0,0,0,0,0,0,0,0,0,0,0
RO-01815,10/05/2021,ITA,72265.5,Italy,1,45,0,0,0,0,0,2,0,0,0,0,0,0,0,48
RO-01779,11/05/2021,FRA,39876.5,France,1,41,0,0,0,0,0,2,0,0,0,1,0,1,0,44
RO-01771,11/05/2021,GRC,NA,Greece,1,29,0,0,0,0,0,1,1,0,0,0,0,0,1,32
RO-01769,11/05/2021,DEU,83613.15,Germany,1,76,0,0,0,0,0,4,0,0,0,1,0,1,0,81
RO-01753,11/05/2021,DEU,63016,Germany,1,61,0,0,0,0,0,2,0,0,0,0,0,0,0,64
RO-01753,11/05/2021,SWE,NA,Sweden,1,4,0,0,0,0,0,0,0,0,0,0,0,0,0,5
RO-01753,11/05/2021,SWE,NA,Sweden,1,1,0,0,0,0,0,0,0,0,0,0,0,0,0,2
RO-01839,17/05/2021,ITA,51510,Italy,2,52,0,0,0,0,0,2,0,0,0,0,0,0,0,56
RO-01757,17/05/2021,DEU,87714.7,Germany,1,42,0,0,0,0,0,2,0,0,0,0,0,0,0,45
RO-01780,18/05/2021,FRA,41891.89,France,1,44,0,0,0,0,0,2,3,0,0,1,0,1,3,50
RO-01770,18/05/2021,SWE,573017.35,Sweden,2,26,0,0,0,0,0,3,1,0,1,0,0,1,1,32
RO-01770,18/05/2021,ROU,997.13,Romania,1,27,0,0,0,0,0,1,0,0,0,0,0,0,0,29
RO-01770,18/05/2021,BGR,5246.95,Bulgaria,1,4,0,0,0,0,0,0,0,0,0,0,0,0,0,5
RO-01770,18/05/2021,AUT,7939.61,Austria,1,31,0,0,0,0,0,0,0,0,1,0,0,1,0,32
RO-01770,18/05/2021,FIN,19957.6,Finland,1,5,0,0,0,0,0,0,0,0,1,0,0,1,0,6
RO-01766,18/05/2021,DEU,98944.01,Germany,1,67,0,0,0,0,0,2,0,0,0,1,0,1,0,70
RO-01756,18/05/2021,DEU,358587.72,Germany,1,116,0,0,0,0,0,2,2,0,0,0,0,0,2,121
RO-01758,19/05/2021,DEU,83063.35,Germany,1,72,0,0,0,0,0,2,0,0,0,0,0,0,0,75
RO-01759,20/05/2021,DEU,171740.18,Germany,1,63,0,0,0,0,0,2,0,0,0,0,0,0,0,66
RO-01759,20/05/2021,BEL,668.38,Belgium,1,2,0,0,0,0,0,0,0,0,0,0,0,0,0,3
RO-01755,20/05/2021,DEU,101754.29,Germany,1,28,0,0,0,0,0,1,2,0,0,1,0,1,2,32
RO-01755,20/05/2021,ITA,30199,Italy,0,0,0,0,0,0,0,0,0,0,0,0,0,0,0,0
RO-01837,21/05/2021,ITA,54439,Italy,2,46,0,0,0,0,0,2,0,0,0,0,0,0,0,50
RO-01840,24/05/2021,ITA,47762.9,Italy,2,47,0,0,0,0,0,2,0,0,0,0,0,0,0,51
RO-01781,25/05/2021,FRA,45180.01,France,1,43,0,0,0,0,0,2,3,0,0,1,0,1,3,49
RO-01806,26/05/2021,ESP,191967.47,Spain,1,50,0,0,0,0,0,2,0,0,2,0,0,2,0,53
RO-01806,26/05/2021,DEU,16454.06,Germany,1,32,0,0,0,0,0,1,0,0,0,0,0,0,0,34
RO-01806,26/05/2021,DEU,16454.06,Germany,0,2,0,0,0,0,0,0,0,0,0,0,0,0,0,2
RO-01760,26/05/2021,DEU,375795.92,Germany,1,91,0,0,0,0,0,2,0,0,0,0,0,0,0,94
RO-01760,26/05/2021,HUN,2119.7,Hungary,1,4,0,0,0,0,0,0,0,0,0,0,0,0,0,5
RO-01760,26/05/2021,AUT,17703.28,Austria,1,45,0,0,0,0,0,0,0,0,1,0,0,1,0,46
RO-01843,27/05/2021,ITA,47863.9,Italy,2,86,0,0,0,0,0,2,0,0,0,0,0,0,0,90
RO-01786,27/05/2021,DEU,92162.49,Germany,1,83,0,0,0,0,0,2,1,0,1,1,0,2,1,87
RO-01786,27/05/2021,SWE,18706.21,Sweden,1,2,0,0,0,0,0,0,0,0,0,0,0,0,0,3
RO-01763,01/06/2021,DEU,76110.6,Germany,1,73,0,0,0,0,0,4,0,0,0,0,0,0,0,78
RO-01762,01/06/2021,DEU,167298.54,Germany,1,83,0,0,0,0,0,2,1,0,0,0,0,0,1,87
RO-01809,01/06/2021,FRA,62764.91,France,1,43,0,0,0,0,0,2,3,0,0,1,0,1,3,49
RO-01764,01/06/2021,DEU,85579.96,Germany,1,39,0,0,0,0,0,2,0,0,0,1,0,1,0,42
RO-01838,02/06/2021,BEL,4411.68,Belgium,1,15,0,0,0,0,0,1,2,0,2,0,0,2,2,19
RO-01838,02/06/2021,CHE,4367.13,Switzerland,1,7,0,0,0,0,0,0,0,0,1,0,0,1,0,8
RO-01787,02/06/2021,DEU,93010.78,Germany,1,79,0,0,0,0,0,2,0,0,0,0,0,0,0,82
RO-01847,04/06/2021,ITA,54944,Italy,2,67,0,0,0,0,0,2,0,0,2,0,0,2,0,71
RO-01849,07/06/2021,ITA,50550.5,Italy,2,52,0,0,0,0,0,2,0,0,0,0,0,0,0,56
RO-01810,08/06/2021,FRA,44566.59,France,1,44,0,0,0,0,0,2,3,0,0,1,0,1,3,50
RO-01789,08/06/2021,DEU,406610.81,Germany,1,119,0,0,0,0,0,1,1,0,0,0,0,0,1,122
RO-01805,09/06/2021,DEU,444059.61,Germany,1,83,0,0,0,0,0,2,0,0,0,0,0,0,0,86
RO-01805,09/06/2021,AUT,9710.14,Austria,1,2,0,0,0,0,0,0,1,0,1,0,0,1,1,4
RO-01805,09/06/2021,CHE,54722.61,Switzerland,1,25,0,0,0,0,0,0,0,0,1,0,0,1,0,26
RO-01788,10/06/2021,DEU,106546.95,Germany,1,28,0,0,0,0,0,1,2,0,0,1,0,1,2,32
RO-01788,10/06/2021,ITA,25128.8,Italy,0,0,0,0,0,0,0,0,0,0,0,0,0,0,0,0
RO-01851,14/06/2021,ITA,45349,Italy,1,49,0,0,0,0,0,2,0,0,0,0,0,0,0,52
RO-01816,15/06/2021,GRC,NA,Greece,1,55,0,0,0,0,0,1,0,0,1,0,0,1,0,57
RO-01816,15/06/2021,AUT,11300.89,Austria,1,8,0,0,0,0,0,0,0,0,1,0,0,1,0,9
RO-01816,15/06/2021,AUT,11300.89,Austria,0,11,0,0,0,0,0,0,0,0,0,0,0,0,0,11
RO-01816,15/06/2021,CZE,669.63,Czech Republic,1,2,0,0,0,0,0,0,0,0,0,0,0,0,0,3
RO-01812,15/06/2021,FRA,44369.2,France,1,44,0,0,0,0,0,2,3,0,0,1,0,1,3,50
RO-01791,15/06/2021,SWE,572779.19,Sweden,2,20,0,0,0,0,0,2,0,0,1,0,0,1,0,24
RO-01791,15/06/2021,BGR,5246.95,Bulgaria,1,4,0,0,0,0,0,0,0,0,0,0,0,0,0,5
RO-01791,15/06/2021,ROU,1096.92,Romania,1,43,0,0,0,0,0,1,0,0,1,0,0,1,0,45
RO-01791,15/06/2021,AUT,8622.37,Austria,NA,NA,NA,NA,NA,NA,NA,NA,NA,NA,NA,NA,NA,NA,NA,NA
RO-01790,15/06/2021,DEU,111370.14,Germany,1,66,0,0,0,0,0,2,3,0,0,1,0,1,3,72
RO-01801,16/06/2021,ESP,334544.25,Spain,1,96,0,0,0,0,0,2,0,0,3,0,0,3,0,99
RO-01801,16/06/2021,CHE,17567.18,Switzerland,1,3,0,0,0,0,0,0,0,0,0,0,0,0,0,4
RO-01801,16/06/2021,LUX,31616.36,Luxembourg,2,2,0,0,0,0,0,0,0,0,1,0,0,1,0,4
RO-01793,16/06/2021,DEU,86096.31,Germany,1,69,0,0,0,0,0,2,0,0,0,1,0,1,0,72
RO-01708,16/06/2021,POL,14677.73,Poland,1,39,7,1,0,0,0,3,0,0,0,0,0,0,0,43
RO-01708,16/06/2021,HUN,943.49,Hungary,1,3,0,0,0,0,0,0,0,0,0,0,0,0,0,4
RO-01708,16/06/2021,CZE,2581.56,Czech Republic,1,11,0,0,0,0,0,0,4,0,0,0,0,0,4,16
RO-01708,16/06/2021,SWE,2173.12,Sweden,1,10,0,0,0,0,0,0,0,0,0,0,0,0,0,11
RO-01708,16/06/2021,NOR,32370.5,Norway,1,5,3,1,0,0,0,0,0,0,0,0,0,0,0,6
RO-01794,17/06/2021,DEU,177908.04,Germany,1,65,0,0,0,0,0,2,0,0,0,1,0,1,0,68
RO-01866,17/06/2021,ITA,79891,Italy,2,45,0,0,0,0,0,2,0,0,0,0,0,0,0,49
RO-01867,21/06/2021,ITA,85839.9,Italy,1,101,0,0,0,0,0,2,0,0,0,0,0,0,0,104
RO-01813,22/06/2021,FRA,43812.77,France,1,44,0,0,0,0,0,2,3,0,0,1,0,1,3,50
RO-01798,22/06/2021,DEU,385145.01,Germany,1,107,2,11,0,0,0,2,2,0,0,1,0,1,2,112
RO-01798,22/06/2021,ESP,21192.87,Spain,1,26,0,0,0,0,0,0,0,0,0,0,0,0,0,27
RO-01798,22/06/2021,HUN,2101.82,Hungary,1,4,0,0,0,0,0,0,1,0,0,0,0,0,1,6
RO-01798,22/06/2021,AUT,9502.08,Austria,1,16,0,0,0,0,0,0,0,0,1,0,0,1,0,17
RO-01795,22/06/2021,DEU,409926.8,Germany,1,87,0,0,0,0,0,2,0,0,0,1,0,1,0,90
RO-01872,24/06/2021,ITA,72720,Italy,2,30,0,0,0,0,0,2,0,0,0,0,0,0,0,34
RO-01796,24/06/2021,DEU,97895.71,Germany,1,68,0,0,0,0,0,4,0,0,0,1,0,1,0,73
RO-01797,25/06/2021,DEU,91499.11,Germany,1,35,0,0,0,0,0,2,0,0,0,0,0,0,0,38
RO-01797,25/06/2021,AUT,37473.02,Austria,1,9,0,0,0,0,0,0,0,0,1,0,0,1,0,10
RO-01799,28/06/2021,DEU,203159.44,Germany,1,93,0,0,0,0,0,2,0,0,0,0,0,0,0,96
RO-01874,28/06/2021,ITA,64892.5,Italy,2,36,0,0,0,0,0,2,0,0,0,0,0,0,0,40
RO-01814,29/06/2021,FRA,42254.24,France,0,48,0,0,0,0,0,0,0,0,0,1,0,1,0,48
RO-01848,01/07/2021,FRA,51843.3,France,1,25,0,0,0,0,0,1,0,0,0,0,0,0,0,27
RO-01800,01/07/2021,DEU,107820.16,Germany,3,28,0,0,0,0,0,1,0,0,0,1,0,1,0,32
RO-01800,01/07/2021,ITA,37016.5,Italy,0,0,0,0,0,0,0,0,0,0,0,0,0,0,0,0
RO-01877,01/07/2021,ITA,49793,Italy,1,45,0,0,0,0,0,2,0,0,0,0,0,0,0,48
RO-01808,01/07/2021,DEU,116582.12,Germany,1,70,0,0,0,0,0,4,0,0,0,1,0,1,0,75
RO-01803,01/07/2021,DEU,134850.21,Germany,1,50,0,7,0,0,0,2,0,0,0,0,0,0,0,53
RO-01876,02/07/2021,ITA,76255,Italy,2,55,0,0,0,0,0,2,0,0,0,0,0,0,0,59
RO-01909,05/07/2021,ITA,51510,Italy,2,79,0,0,0,0,0,2,0,0,0,0,0,0,0,83
RO-01841,06/07/2021,DEU,444442.84,Germany,1,101,0,0,0,0,0,3,1,0,0,0,0,0,1,106
RO-01817,06/07/2021,FRA,46875.13,France,1,44,0,0,0,0,0,2,3,0,0,1,0,1,3,50
RO-01818,07/07/2021,ESP,138064.98,Spain,1,52,0,0,0,0,0,2,0,0,0,0,0,0,0,55
RO-01818,07/07/2021,LUX,39430.24,Luxembourg,1,8,0,0,0,0,0,0,0,0,0,0,0,0,0,9
RO-01818,07/07/2021,LUX,39430.24,Luxembourg,1,9,0,0,0,0,0,0,0,0,1,0,0,1,0,10
RO-01885,12/07/2021,ITA,48974.9,Italy,2,38,0,0,0,0,0,2,0,0,0,0,0,0,0,42
RO-01882,13/07/2021,ITA,66256,Italy,1,58,0,0,0,0,0,2,0,0,0,0,0,0,0,61
RO-01823,13/07/2021,DEU,178557.71,Germany,1,61,0,0,0,0,0,2,0,0,0,1,0,1,0,64
RO-01821,14/07/2021,DEU,87217.73,Germany,1,65,0,0,0,0,0,2,0,0,0,1,0,1,0,68
RO-01842,15/07/2021,AUT,4988.39,Austria,1,40,0,0,0,0,0,3,0,0,1,0,0,1,0,44
RO-01842,15/07/2021,DEU,1269.64,Germany,1,7,0,0,0,0,0,2,0,0,0,0,0,0,0,10
RO-01820,15/07/2021,DEU,74312.7,Germany,1,67,0,0,0,0,0,2,0,0,0,1,0,1,0,70
RO-01822,15/07/2021,DEU,106414.38,Germany,1,28,0,0,0,0,0,1,2,0,0,1,0,1,2,32
RO-01844,20/07/2021,GRC,NA,Greece,1,40,0,0,0,0,0,1,0,0,1,0,0,1,0,42
RO-01827,20/07/2021,DEU,116321.05,Germany,1,69,0,0,0,0,0,4,2,0,0,1,0,1,2,76
RO-01825,20/07/2021,FRA,43815.39,France,1,44,0,0,0,0,0,2,4,0,0,1,0,1,4,51
RO-01903,22/07/2021,ITA,42319,Italy,1,60,0,4,0,0,0,2,0,0,0,0,0,0,0,63
RO-01829,22/07/2021,DEU,89808.16,Germany,1,32,0,0,0,0,0,2,0,0,0,0,0,0,0,35
RO-01873,23/07/2021,DEU,93914.59,Germany,1,69,0,0,0,0,0,2,0,0,0,1,0,1,0,72
RO-01902,27/07/2021,ITA,74184.5,Italy,1,58,0,0,0,0,0,2,0,0,0,0,0,0,0,61
RO-01845,27/07/2021,DEU,94568.93,Germany,1,46,0,0,0,0,0,4,0,0,0,1,0,1,0,51
RO-01830,27/07/2021,DEU,373803.49,Germany,1,107,0,0,0,0,0,2,1,0,0,1,0,1,1,111
RO-01830,27/07/2021,AUT,12038.19,Austria,1,29,0,0,0,0,0,0,0,0,1,0,0,1,0,30
RO-01832,28/07/2021,DEU,354967.22,Germany,1,94,1,7,0,0,0,2,1,0,0,1,0,1,1,98
RO-01904,29/07/2021,ITA,51207,Italy,2,57,0,0,0,0,0,2,0,0,0,0,0,0,0,61
RO-01835,29/07/2021,DEU,104656.38,Germany,1,28,0,0,0,0,0,1,2,0,0,1,0,1,2,32
RO-01834,30/07/2021,DEU,97807.78,Germany,1,42,0,0,0,0,0,2,0,0,0,0,0,0,0,45
RO-01868,03/08/2021,FRA,47659.47,France,1,44,0,0,0,0,0,2,3,0,0,2,0,2,3,50
RO-01875,04/08/2021,DEU,93700.39,Germany,1,56,0,0,0,0,0,3,0,0,0,2,0,2,0,60
RO-01905,05/08/2021,ITA,61509,Italy,2,50,0,0,0,0,0,2,0,0,0,0,0,0,0,54
RO-01911,09/08/2021,ITA,71962.5,Italy,2,41,0,0,0,0,0,2,0,0,0,0,0,0,0,45
RO-01907,10/08/2021,FRA,44713.44,France,1,44,0,0,0,0,0,2,1,0,1,0,0,1,1,48
RO-01854,10/08/2021,DEU,109691.34,Germany,1,49,0,0,0,0,0,4,0,0,0,1,0,1,0,54
RO-01857,11/08/2021,DEU,69159.22,Germany,1,30,0,0,0,0,0,1,1,0,0,2,0,2,1,33
RO-01916,12/08/2021,ITA,64640,Italy,2,88,0,0,0,0,0,2,0,0,0,0,0,0,0,92
RO-01858,12/08/2021,DEU,107083.5,Germany,1,28,0,0,0,0,0,1,2,0,0,1,0,1,2,32
RO-01858,12/08/2021,ITA,21210,Italy,0,0,0,0,0,0,0,0,0,0,0,0,0,0,0,0
RO-01853,13/08/2021,DEU,99525.14,Germany,1,37,0,0,0,0,0,2,0,0,0,1,0,1,0,40
RO-01918,16/08/2021,ITA,41915,Italy,2,45,0,0,0,0,0,2,0,0,0,0,0,0,0,49
RO-01869,17/08/2021,FRA,61020.21,France,2,44,0,0,0,0,0,1,0,0,0,1,0,1,0,47
RO-01871,19/08/2021,AUT,4327.85,Austria,1,26,0,0,0,0,0,1,0,0,1,0,0,1,0,28
RO-01919,19/08/2021,ITA,50368.7,Italy,1,52,0,0,0,0,0,2,0,0,0,0,0,0,0,55
RO-01921,23/08/2021,ITA,43935,Italy,1,46,0,0,0,0,0,2,0,0,0,0,0,0,0,49
RO-01860,23/08/2021,DEU,368343.32,Germany,1,97,0,0,0,0,0,4,0,0,0,2,0,2,0,102
RO-01862,24/08/2021,DEU,374949.34,Germany,1,100,0,0,0,0,0,2,1,0,0,1,0,1,1,104
RO-01862,24/08/2021,AUT,11897.8,Austria,1,29,0,0,0,0,0,0,0,0,1,0,0,1,0,30
RO-01937,26/08/2021,ITA,40854.5,Italy,1,73,0,0,0,0,0,2,0,0,0,0,0,0,0,76
RO-01861,27/08/2021,DEU,88510.51,Germany,1,39,0,0,0,0,0,2,0,0,0,1,0,1,0,42
RO-01940,30/08/2021,ITA,61509,Italy,2,64,0,0,0,0,0,2,0,0,0,0,0,0,0,68
RO-01870,31/08/2021,FRA,46642.43,France,1,40,0,0,0,0,0,1,5,0,0,1,0,1,5,47
RO-01870,31/08/2021,BEL,155.26,Belgium,0,0,0,0,0,0,0,0,0,0,0,0,0,0,0,0
RO-01938,31/08/2021,ITA,56459,Italy,2,45,0,0,0,0,0,2,0,0,2,0,0,2,0,49
RO-01917,31/08/2021,DEU,100512.63,Germany,1,81,0,6,0,0,0,2,1,0,0,1,0,1,1,85
RO-01879,01/09/2021,AUT,15550.6,Austria,1,21,0,0,0,0,0,1,1,0,1,0,0,1,1,24
RO-01879,01/09/2021,GRC,NA,Greece,1,19,0,0,0,0,0,1,0,0,1,0,0,1,0,21
RO-01943,02/09/2021,ITA,60499,Italy,2,88,0,0,0,0,0,2,0,0,0,0,0,0,0,92
RO-01884,02/09/2021,DEU,231676.91,Germany,1,70,0,0,0,0,0,1,0,0,0,0,0,0,0,72
RO-01944,06/09/2021,ITA,59489,Italy,1,67,0,0,0,0,0,2,0,0,0,0,0,0,0,70
RO-01945,07/09/2021,ITA,76760,Italy,3,67,0,0,0,0,0,2,0,0,2,0,0,2,0,72
RO-01912,07/09/2021,FRA,44422.76,France,1,44,0,0,0,0,0,2,1,0,0,2,0,2,1,48
RO-01946,09/09/2021,ITA,75548,Italy,2,50,0,0,0,0,0,2,0,0,0,0,0,0,0,54
RO-01888,09/09/2021,DEU,100918.99,Germany,1,28,0,0,0,0,0,1,2,0,0,1,0,1,2,32
RO-01887,09/09/2021,AUT,14402.6,Austria,1,23,0,0,0,0,0,1,3,0,1,0,0,1,3,28
RO-01887,09/09/2021,GRC,NA,Greece,1,15,0,0,0,0,0,1,0,0,1,0,0,1,0,17
RO-01887,09/09/2021,CZE,669.63,Czech Republic,1,2,0,0,0,0,0,0,0,0,0,0,0,0,0,3
RO-01949,13/09/2021,ITA,56661,Italy,1,27,0,0,0,0,0,2,0,0,0,0,0,0,0,30
RO-01941,14/09/2021,DEU,107737.27,Germany,1,55,0,0,0,0,0,4,0,0,0,1,0,1,0,60
RO-01913,14/09/2021,FRA,42173.68,France,0,45,0,0,0,0,0,1,3,0,0,1,0,1,3,49
RO-01894,14/09/2021,DEU,164738.97,Germany,1,53,0,3,0,0,0,2,1,0,0,1,0,1,1,57
RO-01893,15/09/2021,DEU,83137.71,Germany,1,69,0,0,0,0,0,2,0,0,0,1,0,1,0,72
RO-01950,16/09/2021,ITA,50399,Italy,2,64,0,0,0,0,0,2,0,0,0,0,0,0,0,68
RO-01892,17/09/2021,DEU,98732.43,Germany,1,53,0,0,0,0,0,2,0,0,0,1,0,1,0,56
RO-01952,20/09/2021,ITA,82820,Italy,1,87,0,0,0,0,0,2,0,0,2,0,0,2,0,90
RO-01914,21/09/2021,FRA,65132.2,France,1,43,0,0,0,0,0,3,0,0,0,1,0,1,0,47
RO-01899,21/09/2021,DEU,343352.48,Germany,1,89,1,2,0,0,0,2,0,0,0,1,0,1,0,92
RO-01899,21/09/2021,BGR,3184.53,Bulgaria,1,2,0,0,0,0,0,0,0,0,0,0,0,0,0,3
RO-01897,21/09/2021,DEU,396600.31,Germany,1,127,0,0,0,0,0,2,0,0,0,1,0,1,0,130
RO-01897,21/09/2021,AUT,13340.08,Austria,1,36,0,0,0,0,0,0,0,0,1,0,0,1,0,37
RO-01897,21/09/2021,BGR,7168.98,Bulgaria,1,4,0,0,0,0,0,1,0,0,0,0,0,0,0,6
RO-01897,21/09/2021,CZE,727.2,Czech Republic,1,2,0,0,0,0,0,0,0,0,0,0,0,0,0,3
RO-01897,21/09/2021,POL,4635.66,Poland,NA,NA,NA,NA,NA,NA,NA,NA,NA,NA,NA,NA,NA,NA,NA,NA
RO-01896,22/09/2021,ESP,421252.19,Spain,1,112,0,0,0,0,0,2,1,0,3,0,0,3,1,116
RO-01896,22/09/2021,HUN,1921.8,Hungary,1,2,0,0,0,0,0,0,0,0,0,0,0,0,0,3
RO-01965,23/09/2021,ITA,54843,Italy,2,35,0,0,0,0,0,2,0,0,0,0,0,0,0,39
RO-01898,23/09/2021,DEU,105333.03,Germany,1,31,0,0,0,0,0,1,2,0,0,1,0,1,2,35
RO-01970,24/09/2021,ITA,47167,Italy,1,92,0,0,0,0,0,2,0,0,0,0,0,0,0,95
RO-01980,27/09/2021,ITA,61478.7,Italy,2,86,0,0,0,0,0,2,0,0,0,0,0,0,0,90
RO-01915,28/09/2021,FRA,41949.66,France,1,45,0,0,0,0,0,2,3,0,0,1,0,1,3,51
RO-01906,28/09/2021,AUT,3954.15,Austria,1,26,0,0,0,0,0,1,0,0,1,0,0,1,0,28
RO-01906,28/09/2021,DEU,16179.41,Germany,1,44,0,0,0,6,0,0,0,0,0,0,0,0,0,45
RO-01906,28/09/2021,BEL,886.46,Belgium,1,1,0,0,0,0,0,0,0,0,2,0,0,2,0,2
RO-01901,29/09/2021,DEU,171105.29,Germany,1,57,0,0,0,0,0,2,0,0,0,2,0,2,0,60
RO-01900,29/09/2021,DEU,82428.8,Germany,1,66,1,2,0,0,0,2,0,0,0,1,0,1,0,69
RO-01984,30/09/2021,ITA,56459,Italy,3,79,2,6,0,0,0,2,0,0,0,0,0,0,0,84
RO-01985,01/10/2021,ITA,68377,Italy,2,65,0,0,0,0,0,2,0,0,0,0,0,0,0,69
RO-01947,02/10/2021,ITA,2003.81,Italy,2,88,0,0,0,0,0,2,0,0,3,0,0,3,0,92
RO-01969,05/10/2021,FRA,43399.31,France,1,46,0,0,0,0,0,2,3,0,1,0,0,1,3,52
RO-01922,06/10/2021,ESP,138029.63,Spain,1,71,0,0,0,0,0,2,0,0,2,0,0,2,0,74
RO-01987,07/10/2021,ITA,70599,Italy,1,97,0,0,0,0,0,2,0,0,0,0,0,0,0,100
RO-01923,08/10/2021,DEU,93859.36,Germany,1,49,0,0,0,0,0,2,0,0,0,1,0,1,0,52
RO-01989,09/10/2021,ITA,91304,Italy,1,69,0,0,0,0,0,2,0,0,2,0,0,2,0,72
RO-01992,11/10/2021,ITA,40369.7,Italy,1,60,0,0,0,0,0,2,0,0,0,0,0,0,0,63
RO-01986,12/10/2021,AUT,12950.22,Austria,1,38,0,0,0,0,0,1,2,0,1,0,0,1,2,42
RO-01986,12/10/2021,NOR,38555.69,Norway,1,7,0,0,0,0,0,0,0,0,0,0,0,0,0,8
RO-01968,12/10/2021,FRA,42143.38,France,1,46,0,0,0,0,0,0,3,0,0,1,0,1,3,50
RO-01968,12/10/2021,BEL,106.05,Belgium,0,0,0,0,0,0,0,0,0,0,0,0,0,0,0,0
RO-01951,12/10/2021,DEU,91880.76,Germany,1,56,0,0,0,0,0,4,0,0,0,0,0,0,0,61
RO-01927,13/10/2021,DEU,88550.2,Germany,1,57,0,0,0,0,0,2,1,0,0,2,0,2,1,61
RO-01925,13/10/2021,DEU,116722.98,Germany,1,68,0,0,0,0,0,3,1,0,0,1,0,1,1,73
RO-01993,14/10/2021,ITA,52388.7,Italy,2,55,0,0,0,0,0,2,0,0,0,0,0,0,0,59
RO-01939,14/10/2021,FRA,119230.08,France,1,17,0,0,0,0,0,1,0,0,0,1,0,1,0,19
RO-01929,14/10/2021,DEU,85278.75,Germany,1,46,1,10,0,0,0,2,0,0,0,2,0,2,0,49
RO-01926,15/10/2021,DEU,95347.7,Germany,1,48,0,0,0,0,0,2,2,0,0,1,0,1,2,53
RO-02003,18/10/2021,ITA,57267,Italy,2,84,0,0,0,0,0,1,0,0,0,0,0,0,0,87
RO-01930,18/10/2021,DEU,346408.56,Germany,1,90,0,0,0,0,0,2,1,0,0,1,0,1,1,94
RO-01966,19/10/2021,FRA,62792.65,France,1,43,0,0,0,0,0,2,3,0,0,1,0,1,3,49
RO-02004,21/10/2021,ITA,74740,Italy,1,46,0,0,0,0,0,2,0,0,0,0,0,0,0,49
RO-01931,21/10/2021,DEU,110308.06,Germany,1,28,0,0,0,0,0,1,2,0,0,2,0,2,2,32
RO-02005,22/10/2021,ITA,54742,Italy,1,95,0,0,0,0,0,2,0,0,0,0,0,0,0,98
RO-01967,26/10/2021,FRA,45876.43,France,1,44,0,0,0,0,0,2,3,0,0,1,0,1,3,50
RO-01935,26/10/2021,DEU,486914.19,Germany,1,96,0,0,0,0,0,2,3,0,0,1,0,1,3,102
RO-01935,26/10/2021,AUT,11673.05,Austria,1,16,0,0,0,0,0,0,1,0,1,0,0,1,1,18
RO-01935,26/10/2021,ROU,1916.98,Romania,1,3,0,0,0,0,0,0,0,0,0,0,0,0,0,4
RO-01933,26/10/2021,DEU,110113.13,Germany,1,87,0,0,0,0,0,2,0,0,0,1,0,1,0,90
RO-02006,28/10/2021,ITA,50096,Italy,2,59,0,0,0,0,0,2,0,0,0,0,0,0,0,63
RO-02011,01/11/2021,ITA,48379,Italy,1,68,0,0,0,0,0,2,0,0,0,0,0,0,0,71
RO-01998,03/11/2021,FRA,46464.9,France,1,44,0,0,0,0,0,2,3,0,0,1,0,1,3,50
RO-01953,04/11/2021,DEU,101348.31,Germany,1,28,0,0,0,0,0,1,0,0,0,1,0,1,0,30
RO-01953,04/11/2021,ITA,44100.64,Italy,0,0,0,0,0,0,0,0,0,0,0,0,0,0,0,0
RO-02012,04/11/2021,ITA,62014,Italy,2,53,0,0,0,0,0,2,0,0,0,0,0,0,0,57
RO-01974,04/11/2021,AUT,5815.58,Austria,1,33,0,0,0,0,0,1,1,0,1,0,0,1,1,36
RO-01981,08/11/2021,DEU,186276.76,Germany,1,53,0,0,0,0,0,1,0,0,0,1,0,1,0,55
RO-01981,08/11/2021,ESP,428.24,Spain,1,3,0,0,0,0,0,0,0,0,0,0,0,0,0,4
RO-01994,09/11/2021,FRA,49019.4,France,1,44,0,0,0,0,0,2,4,0,0,2,0,2,4,51
RO-01994,09/11/2021,BEL,103.5,Belgium,0,0,0,0,0,0,0,0,0,0,0,0,0,0,0,0
RO-01971,10/11/2021,DEU,96626.76,Germany,1,54,0,0,0,0,0,4,0,0,0,1,0,1,0,59
RO-01971,10/11/2021,SWE,22515,Sweden,1,9,0,0,0,0,0,0,0,0,0,0,0,0,0,10
RO-01990,10/11/2021,FRA,103482.57,France,1,28,0,0,0,0,0,2,3,0,0,1,0,1,3,34
RO-01954,11/11/2021,DEU,449188.03,Germany,1,102,0,4,0,0,0,2,0,0,0,1,0,1,0,105
RO-01954,11/11/2021,AUT,14724.89,Austria,1,23,0,0,0,0,0,0,0,0,1,0,0,1,0,24
RO-01954,11/11/2021,ROU,5323.71,Romania,1,19,0,0,0,0,0,1,0,0,1,0,0,1,0,21
RO-02013,11/11/2021,ITA,68680,Italy,2,68,2,5,0,0,0,2,0,0,0,0,0,0,0,72
RO-02022,15/11/2021,ITA,69690,Italy,1,94,0,0,0,0,0,2,0,0,2,0,0,2,0,97
RO-01995,16/11/2021,FRA,62858.99,France,1,42,0,0,0,0,0,2,3,0,0,1,0,1,3,48
RO-01983,16/11/2021,DEU,111713.05,Germany,1,62,0,0,0,0,0,4,0,0,0,2,0,2,0,67
RO-01957,17/11/2021,DEU,102884.26,Germany,1,39,0,10,0,0,0,2,0,0,0,2,0,2,0,42
RO-01957,17/11/2021,AUT,5603.04,Austria,0,9,0,0,0,0,0,0,0,0,0,0,0,0,0,9
RO-01957,17/11/2021,AUT,5603.04,Austria,1,7,0,0,0,0,0,0,0,0,1,0,0,1,0,8
RO-01957,17/11/2021,SWE,36724.7,Sweden,0,5,0,0,0,0,0,0,0,0,0,0,0,0,0,5
RO-01957,17/11/2021,SWE,36724.7,Sweden,1,7,0,0,0,0,0,0,0,0,1,0,0,1,0,8
RO-02028,18/11/2021,ITA,43834,Italy,2,88,0,0,0,0,0,2,0,0,0,0,0,0,0,92
RO-01972,18/11/2021,DEU,107283.44,Germany,1,28,0,0,0,0,0,1,1,0,0,1,0,1,1,31
RO-02029,22/11/2021,ITA,66649.9,Italy,1,86,0,0,0,0,0,2,0,0,0,0,0,0,0,89
RO-01996,23/11/2021,FRA,48785.44,France,1,46,0,0,0,0,0,0,3,0,0,2,0,2,3,50
RO-01958,23/11/2021,DEU,114809.42,Germany,1,82,1,7,0,0,0,1,2,0,0,0,0,0,2,86
RO-01961,23/11/2021,DEU,394893.81,Germany,1,99,0,0,0,0,0,2,0,0,0,1,0,1,0,102
RO-01961,23/11/2021,AUT,11427.68,Austria,1,26,0,0,0,0,0,0,2,0,2,0,0,2,2,29
RO-01961,23/11/2021,HUN,2619.45,Hungary,1,4,0,0,0,0,0,0,0,0,0,0,0,0,0,5
RO-01959,24/11/2021,DEU,78763.59,Germany,1,69,0,0,0,0,0,2,0,0,0,1,0,1,0,72
RO-02038,25/11/2021,ITA,77669,Italy,2,84,0,0,0,0,0,2,0,0,2,0,0,2,0,88
RO-01956,25/11/2021,DEU,221210.03,Germany,1,93,0,0,0,0,0,2,0,0,0,1,0,1,0,96
RO-02040,29/11/2021,ITA,49468.79,Italy,2,68,0,0,0,0,0,2,0,0,2,0,0,2,0,72
RO-02020,30/11/2021,DEU,73764.13,Germany,1,59,0,0,0,0,0,4,0,0,0,1,0,1,0,64
RO-01997,30/11/2021,FRA,42191.96,France,NA,NA,NA,NA,NA,NA,NA,NA,NA,NA,NA,NA,NA,NA,NA,NA
RO-01991,30/11/2021,DEU,119116.31,Germany,1,81,1,9,0,0,0,2,0,0,0,1,0,1,0,84
RO-01991,30/11/2021,ESP,29742.81,Spain,1,13,0,0,0,0,0,0,0,0,0,0,0,0,0,14
RO-01963,30/11/2021,DEU,225080.19,Germany,1,60,0,0,0,0,0,2,2,0,0,2,0,2,2,65
RO-01964,01/12/2021,ESP,139948.63,Spain,1,54,0,0,0,0,0,2,0,0,0,0,0,0,0,57
RO-02008,01/12/2021,DEU,94357.39,Germany,1,64,0,0,0,0,0,4,0,0,0,1,0,1,0,69
RO-01973,02/12/2021,DEU,106130.93,Germany,1,28,0,0,0,0,0,1,2,0,0,1,0,1,2,32
RO-01973,02/12/2021,SWE,76933.02,Sweden,0,0,0,0,0,0,0,0,0,0,0,0,0,0,0,0
RO-01982,02/12/2021,AUT,4449.05,Austria,1,18,0,0,0,0,0,1,0,0,1,0,0,1,0,20
RO-02041,02/12/2021,ITA,49995,Italy,1,44,0,0,0,0,0,2,0,0,0,0,0,0,0,47
RO-02010,04/12/2021,ITA,129813.56,Italy,3,106,0,2,0,0,0,2,5,0,2,0,0,2,5,116
RO-02010,04/12/2021,SVN,43.83,Slovenia,1,3,0,0,0,0,0,0,0,0,0,0,0,0,0,4
RO-02042,06/12/2021,ITA,43116.9,Italy,2,72,0,0,0,0,0,2,0,0,0,0,0,0,0,76
RO-01999,07/12/2021,DEU,173357.44,Germany,1,55,0,0,0,0,0,2,1,0,0,2,0,2,1,59
RO-02018,07/12/2021,FRA,50965.29,France,1,39,0,0,0,0,0,2,0,0,0,2,0,2,0,42
RO-01988,08/12/2021,DEU,88109.4,Germany,1,72,0,0,0,0,0,3,0,0,0,1,0,1,0,76
RO-02048,13/12/2021,ITA,80699,Italy,2,42,0,0,0,0,0,2,0,0,0,0,0,0,0,46
RO-02000,14/12/2021,DEU,92141.85,Germany,1,59,0,0,0,0,0,2,0,0,0,1,0,1,0,62
RO-02000,14/12/2021,SWE,4843.96,Sweden,1,3,0,0,0,0,0,0,0,0,0,0,0,0,0,4
RO-02000,14/12/2021,BGR,3002.73,Bulgaria,1,2,0,0,0,0,0,0,0,0,0,0,0,0,0,3
RO-02001,14/12/2021,DEU,108707.45,Germany,1,28,0,0,0,0,0,1,2,0,0,1,0,1,2,32
RO-02002,14/12/2021,DEU,354435.29,Germany,1,96,1,6,0,0,0,2,0,0,0,2,0,2,0,99
RO-02015,14/12/2021,FRA,52861.3,France,1,42,0,0,0,0,0,2,0,0,0,2,0,2,0,45
RO-01975,15/12/2021,ESP,341640.04,Spain,1,98,0,0,0,0,0,2,0,0,0,0,0,0,0,101
RO-01975,15/12/2021,BGR,2863.35,Bulgaria,1,2,0,0,0,0,0,0,0,0,0,0,0,0,0,3
RO-01978,15/12/2021,DEU,83628.84,Germany,1,60,0,0,0,0,0,1,0,0,0,0,0,0,0,62
RO-02044,15/12/2021,ITA,92788.7,Italy,2,41,0,0,0,0,0,2,0,0,3,0,0,3,0,45
RO-02007,16/12/2021,DEU,89639.8,Germany,1,40,0,0,0,0,0,2,1,0,0,1,0,1,1,44
RO-02019,16/12/2021,DEU,70397.52,Germany,1,54,0,0,0,0,0,3,0,0,0,1,0,1,0,58
RO-02014,20/12/2021,AUT,174920.89,Austria,1,17,2,0,0,0,0,1,0,0,1,0,0,1,0,19
RO-02014,20/12/2021,GRC,NA,Greece,1,39,0,0,0,0,0,0,1,0,1,0,0,1,1,41
RO-02053,20/12/2021,ITA,92718,Italy,2,61,0,0,0,0,0,0,0,0,2,0,0,2,0,63
RO-01976,21/12/2021,DEU,281424.4,Germany,1,43,0,0,0,0,0,1,1,0,0,1,0,1,1,46
RO-01979,21/12/2021,DEU,104395.1,Germany,1,82,0,0,0,0,0,2,0,0,0,0,0,0,0,85
RO-01979,21/12/2021,BGR,3002.73,Bulgaria,1,2,0,0,0,0,0,0,0,0,0,0,0,0,0,3
RO-02017,21/12/2021,FRA,49599.79,France,1,43,0,0,0,0,0,2,0,0,0,2,0,2,0,46
RO-02043,22/12/2021,ESP,59229.76,Spain,0,31,0,0,0,0,0,2,0,0,0,0,0,0,0,33
RO-02016,28/12/2021,FRA,47836.69,France,0,44,0,0,0,0,0,0,0,0,0,1,0,1,0,44
RO-02016,28/12/2021,BEL,102.66,Belgium,0,0,0,0,0,0,0,0,0,0,0,0,0,0,0,0
RO-00910,05/02/2019,SWE,NA,Sweden,0,0,0,0,0,0,0,0,0,0,0,0,0,0,0,0
RO-01001,13/06/2019,IRL,NA,Ireland,1,35,0,0,0,0,0,2,0,0,0,0,0,0,0,38
RO-01203,10/12/2019,HUN,NA,Hungary,1,18,0,0,0,0,0,0,0,0,1,0,0,1,0,19
RO-01203,10/12/2019,AUT,NA,Austria,1,46,0,0,0,0,0,3,0,0,1,0,0,1,0,50
RO-01203,10/12/2019,SWE,NA,Sweden,1,21,0,0,0,0,0,0,0,0,1,0,0,1,0,22
RO-01234,17/10/2019,IRL,NA,Ireland,0,0,0,0,0,0,0,0,2,0,0,0,0,0,2,2
RO-01310,26/12/2019,ESP,NA,Spain,0,37,0,0,0,0,0,2,0,0,0,0,0,0,0,39
RO-01314,10/03/2020,FIN,NA,Finland,1,4,0,0,0,0,0,0,0,0,0,0,0,0,0,5
RO-01561,17/11/2020,ROU,NA,Romania,1,2,0,0,0,0,0,0,0,0,0,0,0,0,0,3
RO-01589,29/12/2020,FRA,NA,France,1,48,0,0,0,0,0,2,3,0,0,1,0,1,3,54
RO-01708,16/06/2021,LTU,NA,Lithuania,1,2,0,0,0,0,0,0,0,0,0,0,0,0,0,3
RO-01714,14/04/2021,GRC,NA,Greece,1,31,0,0,0,0,0,1,0,0,0,0,0,0,0,33
RO-01721,29/04/2021,GRC,NA,Greece,1,6,0,0,0,0,0,0,0,0,0,0,0,0,0,7
RO-01759,20/05/2021,NLD,NA,Netherlands,0,0,0,0,0,0,0,0,3,0,0,0,0,0,3,3
RO-01897,21/09/2021,LTU,NA,Lithuania,1,2,0,0,0,0,0,0,0,0,0,0,0,0,0,3
