YEAR,DEST,Germany,Italy,Spain,France,Austria,Sweden,Belgium,Greece,Hungary,Norway,Ireland,United Kingdom,Iceland,Netherlands,Switzerland,Finland,Poland,Luxembourg,Bulgaria,Malta,Denmark,Romania,Portugal,Lithuania,Czech Republic,Slovakia,Slovenia,Cyprus,Latvia,Croatia,Estonia
2006,all destinations,0,0,0,2,3,0,0,0,0,0,0,0,0,0,0,0,3,0,0,0,0,0,0,0,0,0,0,0,0,0,0
2007,all destinations,45,93,130,34,24,0,3,0,0,1,0,17,0,28,44,0,5,2,0,0,0,2,0,0,0,0,0,0,0,0,0
2008,all destinations,23,54,404,47,24,35,5,5,0,3,23,60,0,37,21,0,11,6,0,0,0,0,0,0,0,1,1,0,5,0,0
2009,all destinations,152,138,236,68,211,156,7,25,24,31,216,131,4,48,65,2,78,12,0,5,0,1,0,0,4,1,1,3,1,0,0
2010,all destinations,226,100,343,52,405,143,5,86,13,67,111,176,1,50,2,51,80,5,0,16,0,0,0,0,2,2,2,3,0,0,0
2011,all destinations,390,104,550,49,182,142,26,20,14,215,185,113,0,43,36,45,21,1,3,12,9,1,17,0,1,2,0,0,0,0,0
2012,all destinations,647,195,354,62,184,200,5,24,42,79,101,0,0,24,6,9,18,33,6,48,0,6,6,0,1,0,0,0,0,0,0
2013,all destinations,455,128,542,105,81,195,60,79,28,52,64,42,39,24,6,26,29,0,41,2,5,6,6,0,0,0,2,0,0,0,0
2014,all destinations,473,119,334,155,80,148,59,165,288,93,0,41,1,14,12,60,65,34,31,18,17,2,3,13,0,3,0,0,0,0,0
2015,all destinations,1385,248,241,206,309,271,68,69,342,74,12,45,44,35,64,58,16,25,71,9,6,4,1,12,1,1,0,0,0,4,2
2016,all destinations,6884,800,362,283,317,324,182,204,140,92,0,47,189,58,87,67,6,30,8,4,14,1,1,9,0,1,0,0,0,0,0
2017,all destinations,8637,1942,409,1018,541,220,277,194,93,36,0,35,306,29,87,100,10,81,31,1,27,2,1,2,3,7,3,0,0,0,0
2018,all destinations,6854,2027,616,1082,701,132,259,68,29,13,0,0,83,141,86,29,6,9,8,0,0,0,4,2,0,1,3,0,0,0,0
2019,all destinations,5654,1863,669,1382,571,302,205,26,15,18,47,0,10,9,33,31,4,24,25,0,6,2,1,0,3,0,3,0,0,0,0
2020,all destinations,3851,1491,357,1001,240,78,58,98,5,7,0,0,16,15,0,23,21,12,7,2,0,27,0,0,8,1,3,0,0,0,0
2016,Afghanistan,34,0,0,0,0,13,0,0,0,0,0,0,0,0,0,3,0,0,0,0,3,0,0,0,0,0,0,0,0,0,0
2017,Afghanistan,121,0,0,1,56,42,1,0,20,0,0,0,0,0,0,56,0,0,0,0,16,0,0,0,0,0,1,0,0,0,0
2018,Afghanistan,284,0,0,0,116,68,2,6,11,0,0,0,0,0,0,6,0,0,2,0,0,0,0,0,0,0,0,0,0,0,0
2019,Afghanistan,361,0,0,0,168,246,0,3,7,0,0,0,0,0,0,0,0,0,16,0,0,0,0,0,0,0,1,0,0,0,0
2020,Afghanistan,137,0,0,0,37,46,0,2,0,0,0,0,0,0,0,0,0,0,5,0,0,0,0,0,0,0,0,0,0,0,0
2007,Albania,0,1,0,5,0,0,1,0,0,0.5,0,8.5,0,2,0,0,0,0,0,0,0,0,0,0,0,0,0,0,0,0,0
2009,Albania,3.5,0,0,15.5,56,9,0,0,10.5,1.5,0,0,2,1,0,0,0,2.5,0,0,0,0,0,0,0,0,0,0,0,0,0
2010,Albania,11.5,0,0,3,68.5,2,0,0,0,0,0,11.5,0.5,0,0,0,1.5,0,0,0,0,0,0,0,0,1,0,0,0,0,0
2013,Albania,0,5,8,59,0,10,15,0,0,0,15,0,38,1,0,0,0,0,0,0,0,0,0,0,0,0,0,0,0,0,0
2014,Albania,71.5,0,43,91.5,3,36,20,2,0,0.5,0,0,0,0,0,18.5,0,0,0,0,0,0,0,1.5,0,0,0,0,0,0,0
2015,Albania,184,10,45.5,152.5,0,134,32,7,0,0,0,45,26,7,0,18,0,0,0,0,1,0,0,1.5,0,0,0,0,0,0,0.5
2016,Albania,2205,0,29.5,278,22,153.5,73,0,10.5,0,0,47,107,37.5,0,25.5,3,19,0.5,0,0,0,0,0,0,0,0,0,0,0,0
2017,Albania,2501,0,38,1006,8,78,145,0,0,0,0,35,119,19,0,9,0,18,0,0,0,0,0,0,0,0,0,0,0,0,0
2018,Albania,2171,0,93,1002,28,13,213,0,2,0,0,0,25,123,0,6,0,0,1,0,0,0,1,0,0,0,0,0,0,0,0
2019,Albania,795,0,146,1227,7,0,195,0,0,0,19,0,0,7,0,9,0,9,0,0,0,0,0,0,0,0,0,0,0,0,0
2020,Albania,591,47,44,903,0,7,49,0,0,0,0,0,6,2,0,0,0,5,0,0,0,0,0,0,0,0,0,0,0,0,0
2019,Angola,0,0,0,0,0,0,0,0,0,0,0,0,0,0,2,0,0,0,0,0,0,0,0,0,0,0,0,0,0,0,0
2006,Armenia,0,0,0,1,1.5,0,0,0,0,0,0,0,0,0,0,0,1.5,0,0,0,0,0,0,0,0,0,0,0,0,0,0
2009,Armenia,1,0,5,2,9,3.5,0,0,0,0,3.5,0,0,0,0,0,4,0,0,0,0,0,0,0,0,0,0,0,0,0,0
2010,Armenia,2.5,0,6.5,2,8,3,0,0,0,0,0,0,0,0,0,0,7,0,0,0,0,0,0,0,0,0,0,0,0,0,0
2011,Armenia,0,0,0,0,13,0,0,0,4,0,0,0,0,0,1,0,1,0,0,0,0,0,0,0,0,0,0,0,0,0,0
2012,Armenia,9.5,3.5,8.5,8,22.5,2,0,0,1.5,0,0,0,0,0,2.5,0,5,0,1,0,0,0.5,0,0,0,0,0,0,0,0,0
2013,Armenia,2,0,3.5,2.5,4.5,6,0,0,0,0,0,0,0,2,0,0,0,0,0,0,0,0,0,0,0,0,0,0,0,0,0
2015,Armenia,11,1.5,4,0,2,15.5,0,2.5,0,0,0,0,0.5,0,0,4,0,0,0,0,0,0,0,1,0,0,0,0,0,0,0
2016,Armenia,31.5,0,19,0,31,29,16.5,10.5,1.5,0,0,0,1,5,4,0,0,0,0.5,0,0,0,0,3,0,0,0,0,0,0,0
2017,Armenia,57,0,0,0,60,8,5,4,2,0,0,0,0,0,1,0,0,0,0,0,0,0,0,0,0,0,0,0,0,0,0
2018,Armenia,219,0,0,9,27,0,0,0,0,0,0,0,0,0,0,0,0,0,0,0,0,0,0,0,0,0,0,0,0,0,0
2019,Armenia,252,0,0,0,19,0,0,0,0,0,0,0,0,0,4,0,0,0,0,0,0,0,0,0,0,0,0,0,0,0,0
2020,Armenia,40,0,0,0,2,0,0,0,0,0,0,0,0,0,0,0,0,0,0,0,0,0,0,0,0,0,0,0,0,0,0
2017,Azerbaijan,0,0,0,0,0,0,4,0,0,0,0,0,0,0,0,0,0,0,0,0,0,0,0,0,0,0,0,0,0,0,0
2018,Azerbaijan,0,0,0,0,8,0,0,0,0,0,0,0,0,0,1,0,0,0,0,0,0,0,0,0,0,0,0,0,0,0,0
2019,Azerbaijan,121,0,0,0,0,0,0,0,0,0,0,0,0,0,0,0,0,0,0,0,0,0,0,0,0,0,0,0,0,0,0
2020,Azerbaijan,50,0,0,0,0,0,0,0,0,0,0,0,0,0,0,0,0,0,0,0,0,0,0,0,0,0,0,0,0,0,0
2008,Bangladesh,0,1,62,1,0,0,0,0,0,0,0,0,0,0,0,0,0,0,0,0,0,0,0,0,0,0,0,0,5,0,0
2016,Bangladesh,3,0,0,0,0,0,0,0,0,0,0,0,0,0,0,0,0,0,0,0,0,0,0,0,0,0,0,0,0,0,0
2017,Bangladesh,36,0,0,0,0,0,0,0,0,0,0,0,0,0,0,0,0,0,0,0,0,0,0,0,0,0,0,0,0,0,0
2018,Bangladesh,83,0,0,0,11,0,0,0,0,0,0,0,0,0,0,0,0,0,0,0,0,0,0,0,0,0,0,0,0,0,0
2019,Bangladesh,115,0,0,0,4,0,0,0,0,0,0,0,0,0,1,0,0,0,0,0,0,0,0,0,0,0,0,0,0,0,0
2020,Bangladesh,15,0,0,0,0,0,0,0,0,0,0,0,1,0,0,0,0,0,0,2,0,0,0,0,0,0,0,0,0,0,0
2018,Belarus,3,0,0,0,0,0,0,0,0,0,0,0,0,0,0,0,0,0,0,0,0,0,0,0,0,0,0,0,0,0,0
2007,Benin,5,0,0,0,0,0,0,0,0,0,0,0,0,0,1.5,0,0,0,0,0,0,0,0,0,0,0,0,0,0,0,0
2019,Benin,2,0,0,0,0,0,0,0,0,0,0,0,0,0,0,0,0,0,0,0,0,0,0,0,0,0,0,0,0,0,0
2014,Bosnia and Herzegovina,41,0,2,5,0,9,0,0,0,0,0,0,0,0,0,2,0,8,0,0,0,0,0,0,0,0,0,0,0,0,0
2015,Bosnia and Herzegovina,87,0,0,0,0,15,0,0,0,0,0,0,0,0,0,0,0,17,0,0,0,0,0,0,0,0,0,0,0,0,0
2016,Bosnia and Herzegovina,108.5,0,0,0,0,0,0,0,0.5,0,0,0,0,0,0,0,0,0,0,0,0,0,0,0,0,0,0,0,0,0,0
2017,Bosnia and Herzegovina,157,0,0,0,0,0,6,0,0,0,0,0,0,0,0,0,0,0,0,0,0,0,0,0,0,0,0,0,0,0,0
2018,Bosnia and Herzegovina,80,0,0,0,0,0,0,0,0,0,0,0,0,0,0,0,0,0,0,0,0,0,0,0,0,0,0,0,0,0,0
2019,Bosnia and Herzegovina,62,0,0,0,0,0,0,0,0,0,0,0,0,0,0,0,0,0,0,0,0,0,0,0,0,0,0,0,0,0,0
2020,Bosnia and Herzegovina,24,0,0,0,0,0,0,0,0,0,0,0,0,0,0,0,0,0,0,0,0,0,0,0,0,0,0,0,0,0,0
2018,Burkina Faso,3,0,0,0,0,0,0,0,0,0,0,0,0,0,0,0,0,0,0,0,0,0,0,0,0,0,0,0,0,0,0
2007,Cameroon,16,1,3.5,9,0,0,1,0,0,0,0,0,0,15,17.5,0,1.5,1,0,0,0,1,0,0,0,0,0,0,0,0,0
2009,Cameroon,4,0,8,2.5,1.5,1,1.5,0,0,0,0,0,0,7,0,0,0.5,0,0,0,0,0,0,0,0,0,0,0,0,0,0
2010,Cameroon,3,0,4.5,1,2,2.5,2.5,0,0,1.5,0,9.5,0,13.5,0,0,0,0,0,0,0,0,0,0,0,0,0,0,0,0,0
2017,Cameroon,0,0,0,0,0,0,0,0,0,0,0,0,0,0,6,0,0,0,0,0,0,0,0,0,0,0,0,0,0,0,0
2019,Cameroon,1,0,0,0,0,0,0,0,0,0,0,0,0,0,0,0,0,0,0,0,0,0,0,0,0,0,0,0,0,0,0
2007,Colombia,0,4.5,58,1.5,0,0,0,0,0,0,0,0,0,1,0,0,1,0,0,0,0,0,0,0,0,0,0,0,0,0,0
2008,Colombia,0.5,3.5,140.5,0.5,0,0,0,0,0,0,0,0,0,1.5,0,0,0,0,0,0,0,0,0,0,0,0,0,0,0,0,0
2009,Colombia,0,3.5,82,5,0,0,0,0,0,0,0,0,0,0,0,0,0,0,0,0,0,0,0,0,0,0,0,0,0,0,0
2010,Colombia,0,1,102.5,3.5,0,0,0,0,0,0,0,0,0,0.5,0,0,0,0,0,0,0,0,0,0,0,0,0,0,0,0,0
2011,Colombia,0,0,151.5,1,0,0,0,0,0,0,0,0,0,0,0,0,0,0,1,0,0,0.5,0,0,0,0,0,0,0,0,0
2012,Colombia,0,1.5,98.5,0.5,0,0,0,0,0,0,0,0,0,0,0,0,0,0,0,0,0,0,0.5,0,0,0,0,0,0,0,0
2013,Colombia,0,1.5,142.5,2.5,0,0,0,0,0,0,0,0,0,0,0,0,0,0,0,0,0,0,0,0,0,0,0,0,0,0,0
2014,Colombia,0,0,94,0,0,0,0,2.5,0,0,0,0,0,0,0,0,0,0,1,0,0,0,0,0,0,0,0,0,0,0,0
2015,Colombia,0,0,30.5,0,0,0,0,0,0,0,0,0,0,0,0.5,0,0,0,0,0,0,0,0,0,0,0,0,0,0,0,0
2016,Colombia,1,0,133.5,0,0,0,0,0,1,0,0,0,0,0,0,0,0,0,0,0,0,0,0,0,0,0,0,0,0,0,0
2017,Colombia,0,0,177,0,0,0,0,0,0,0,0,0,0,0,0,0,0,0,0,0,0,0,0,0,0,0,0,0,0,0,0
2018,Colombia,0,0,207,0,0,0,0,0,0,0,0,0,0,0,6,0,0,0,0,0,0,0,1,0,0,0,0,0,0,0,0
2019,Colombia,0,0,223,0,0,0,0,0,0,0,0,0,0,0,0,5,1,0,0,0,0,0,0,0,0,0,0,0,0,0,0
2020,Colombia,0,0,84,0,0,0,0,0,0,0,0,0,0,0,0,0,0,0,0,0,0,0,0,0,0,0,0,0,0,0,0
2011,Congo DR,6,0,7.5,2.5,0,3.5,7,0,0,8.5,41.5,5.5,0,2.5,5.5,3.5,1,0,0,0,0,0,0,0,0,0,0,0,0,0,0
2013,Congo DR,3,0,0,3,0,0,41,0,0,0,10,0,0,0,0,0,0,0,0,0,0,0,0,0,0,0,0,0,0,0,0
2014,Congo DR,0,0,0,3,0,0,35,0,0,0,0,0,0,0,0,3,0,1,0,0,0,1,0,0,0,0,0,0,0,0,0
2015,Congo DR,0,0,0,0,0,1,22,0,0,0,2,0,0,0,10,0,0,0,0,0,0,0,0,1,0,0,0,0,0,0,0
2016,Congo DR,0,0,0,0,0,0,12,0,0,0,0,0,0,0,0,0,0,0,0,0,0,0,0,0,0,0,0,0,0,0,0
2017,Congo DR,1,0,0,0,0,4,32,0,0,0,0,0,0,0,5,3,1,0,0,0,0,1,0,0,1,0,0,0,0,0,0
2018,Congo DR,1,0,0,0,0,0,12,0,1,0,0,0,0,0,2,1,0,0,0,0,0,0,0,0,0,0,0,0,0,0,0
2019,Congo DR,1,0,0,0,0,0,3,0,1,0,0,0,0,0,2,0,0,0,0,0,0,0,0,0,0,0,0,0,0,0,0
2019,CÃ´te d'Ivoire,2,0,0,0,0,0,0,0,0,0,0,0,0,0,0,0,0,0,0,0,0,0,0,0,0,0,0,0,0,0,0
2011,Dominican Republic,0,0,45.5,0.5,0,0,0,0,0,0,0,0,0,0,0,0,0,0,0,0,0,0,0,0,0,0,0,0,0,0,0
2013,Dominican Republic,0,0,47.5,1.5,0,0,0,0,0,0,0,0,0,0,0,0,0,0,0,0,0,0,0,0,0,0,0,0,0,0,0
2014,Dominican Republic,0,0,48,0,0,0,0,2.5,0,0,0,0,0,0,0,0,0,0,0,0,0,0,0,0,0,0,0,0,0,0,0
2015,Dominican Republic,0,0,30.5,0,0,0,0,0,0,0,0,0,0,0,0.5,0,0,0,0,0,0,0,0,0,0,0,0,0,0,0,0
2016,Dominican Republic,0,0,104.5,0,0,0,0,0,1,0,0,0,0,0,0,0,0,0,0,0,0,0,0,0,0,0,0,0,0,0,0
2017,Dominican Republic,0,0,28,0,0,0,0,1,0,0,0,0,0,0,0,0,0,0,0,0,0,0,0,0,0,0,0,0,0,0,0
2018,Dominican Republic,0,0,25,0,0,0,0,0,0,0,0,0,0,0,0,0,0,0,0,0,0,0,0,0,0,0,0,0,0,0,0
2019,Dominican Republic,0,0,26,0,0,0,0,0,0,0,0,0,0,0,0,0,0,0,2,0,0,0,0,0,0,0,0,0,0,0,0
2020,Dominican Republic,0,0,9,0,0,0,0,0,0,0,0,0,0,0,0,0,0,0,0,0,0,0,0,0,0,0,0,0,0,0,0
2007,Ecuador,0,4.5,58,1.5,0,0,0,0,0,0,0,0,0,1,0,0,1,0,0,0,0,0,0,0,0,0,0,0,0,0,0
2008,Ecuador,0.5,3.5,140.5,0.5,0,0,0,0,0,0,0,0,0,1.5,0,0,0,0,0,0,0,0,0,0,0,0,0,0,0,0,0
2009,Ecuador,0,3.5,82,5,0,0,0,0,0,0,0,0,0,0,0,0,0,0,0,0,0,0,0,0,0,0,0,0,0,0,0
2010,Ecuador,0,1,102.5,3.5,0,0,0,0,0,0,0,0,0,0.5,0,0,0,0,0,0,0,0,0,0,0,0,0,0,0,0,0
2011,Ecuador,0,0,106,0.5,0,0,0,0,0,0,0,0,0,0,0,0,0,0,1,0,0,0.5,0,0,0,0,0,0,0,0,0
2012,Ecuador,0,1.5,98.5,0.5,0,0,0,0,0,0,0,0,0,0,0,0,0,0,0,0,0,0,0.5,0,0,0,0,0,0,0,0
2013,Ecuador,0,3.5,186,1,0,0,0,0,0,0,0,0,0,0,0,0,0,0,1,0,0,0,0,0,0,0,0,0,0,0,0
2014,Ecuador,0,0,46,0,0,0,0,0,0,0,0,0,0,0,0,0,0,0,1,0,0,0,0,0,0,0,0,0,0,0,0
2019,Ecuador,0,0,13,0,0,0,0,0,0,0,0,0,0,0,0,0,0,0,0,0,0,0,0,0,0,0,0,0,0,0,0
2016,Egypt,0,0,0,0,0,0,0,0.5,2,1,0,0,0,0,3.5,0,0.5,0,0,0,0,0,0,0,0,0,0,0,0,0,0
2017,Egypt,6,182,0,0,0,0,0,0,0,0,0,0,0,0,1,0,0,0,0,0,0,0,0,0,0,0,0,0,0,0,0
2018,Egypt,43,37,0,1,0,0,0,0,0,0,0,0,0,0,1,0,0,0,0,0,0,0,0,0,0,0,0,0,0,0,0
2019,Egypt,28,176,0,0,0,0,0,0,0,0,0,0,0,0,0,0,0,0,0,0,0,0,0,0,0,0,0,0,0,0,0
2020,Egypt,0,49,0,0,0,0,0,0,0,0,0,0,0,0,0,0,0,0,0,0,0,0,0,0,0,0,0,0,0,0,0
2019,Ethiopia,0,0,0,0,0,15,0,0,0,14,0,0,0,0,0,4,0,0,0,0,0,0,0,0,0,0,0,0,0,0,0
2020,Ethiopia,10,0,0,0,0,0,0,0,0,0,0,0,0,0,0,0,0,0,0,0,0,0,0,0,0,0,0,0,0,0,0
2008,Gambia,8.5,0.5,7,2.5,4,0,0,0,0,0,2.5,17.5,0,2,3.5,0,0.5,1,0,0,0,0,0,0,0,0.5,0,0,0,0,0
2009,Gambia,3.5,0,0,0,6.5,1.5,0,0,0,3.5,0,0,0,0,0,0,0,0,0,0,0,0,0,0,0,0,0,0,0,0,0
2010,Gambia,3.5,0,0,0,6,0.5,0,0.5,0,0.5,10.5,0,0,0,0,1,0.5,0,0,0,0,0,0,0,0,0,0,1,0,0,0
2011,Gambia,3,0,0,0,6,1,0,0,0.5,7,0,0,0,0,0,2.5,0,0,0,0,0.5,0,0,0,0,0,0,0,0,0,0
2017,Gambia,4,0,0,0,3,5,0,0,0,0,0,0,0,0,0,3,0,0,0,0,0,0,0,0,0,0,0,0,0,0,0
2018,Gambia,85,4,0,0,12,2,0,0,0,0,0,0,0,0,9,1,0,0,0,0,0,0,0,0,0,0,1,0,0,0,0
2019,Gambia,36,7,0,0,2,2,0,0,0,0,0,0,0,0,0,0,0,0,0,0,0,0,0,0,0,0,0,0,0,0,0
2020,Gambia,19,0,0,0,1,4,0,0,1,1,0,0,0,0,0,0,0,0,0,0,0,0,0,0,0,0,0,0,0,0,0
2006,Georgia,0,0,0,1,1.5,0,0,0,0,0,0,0,0,0,0,0,1.5,0,0,0,0,0,0,0,0,0,0,0,0,0,0
2007,Georgia,0,0,2,3,0,0,0,0,0,0,0,0,0,0,6.5,0,0,0,0,0,0,0,0,0,0,0,0,0,0,0,0
2009,Georgia,1,0,20,8,20,3.5,0,11,0,0,4.5,2,0,0,14,0,33,0,0,0,0,0,0,0,0,0,0,0,0,0,0
2010,Georgia,21.5,0,42.5,13,20,3,0,19,0,1,0,0,0,0,2,0,63,0,0,0,0,0,0,0,0,0,0,1,0,0,0
2011,Georgia,0,0,37,2.5,19,2.5,0,2,4.5,2,6.5,0,0,0,4,0,13,0,0,0,0,0,0.5,0,0,0,0,0,0,0,0
2012,Georgia,18,11.5,47,16,43,7.5,0,0,2,4,13,0,0,0,3.5,0,5,0,1,0,0,0.5,1,0,0,0,0,0,0,0,0
2013,Georgia,23,3,28.5,12,8.5,8,0,23,2,1,3.5,0,0,2,4,0,21,0,2,0,0,0,1,0,0,0,0,0,0,0,0
2014,Georgia,17.5,0,32,14.5,5,8,0,6,0,0.5,0,0,0,1,3,0.5,20,0,0,0,4,0,0,7.5,0,0,0,0,0,0,0
2015,Georgia,54,15.5,54.5,6.5,2,34,0,9.5,0,0,0,0,4,0,14,0,6,0,6,0,0,0,0,8.5,0,0,0,0,0,0,0.5
2016,Georgia,200.5,0,50,0,43,29,11.5,36.5,3,0,0,0,1,0,7,0,0,0,0.5,0,0,0,0,3,0,0,0,0,0,0,0
2017,Georgia,327,0,66,0,64,20,6,48,5,0,0,0,28,0,9,0,0,5,0,0,0,0,1,0,0,0,0,0,0,0,0
2018,Georgia,803,0,42,34,128,4,8,15,0,0,0,0,36,0,13,2,0,0,0,0,0,0,2,0,0,0,0,0,0,0,0
2019,Georgia,751,8,113,141,48,16,2,0,0,0,12,0,10,0,3,0,0,4,0,0,0,0,0,0,0,0,0,0,0,0,0
2020,Georgia,726,33,36,93,84,14,0,34,0,0,0,0,2,1,0,10,0,0,0,0,0,0,0,0,0,0,0,0,0,0,0
2007,Ghana,6,1,2.5,0,0,0,0,0,0,0,0,0,0,0,3,0,1,0.5,0,0,0,0,0,0,0,0,0,0,0,0,0
2008,Ghana,0,1,0,4,0,0,0,0,0,0,1,0,0,0,0,0,0,0,0,0,0,0,0,0,0,0,0,0,0,0,0
2012,Ghana,0,0,0,1.5,0.5,0.5,0,0,0,0,9,0,0,0,0,0,0,0,0,12,0,0,0,0,0,0,0,0,0,0,0
2016,Ghana,3,0,0,0,0,0,0,0,0,0,0,0,0,0,3.5,0,0,0,0,0,0,0,0,0,0,0,0,0,0,0,0
2017,Ghana,4,0,0,0,0,1,3,0,0,0,0,0,0,0,1,3,0,0,0,1,0,0,0,0,0,0,0,0,0,0,0
2018,Ghana,95,0,1,0,0,0,4,0,0,0,0,0,0,0,0,0,0,0,0,0,0,0,0,0,0,0,0,0,0,0,0
2019,Ghana,101,0,0,0,0,0,0,0,0,0,0,0,0,0,0,0,0,0,0,0,0,0,0,0,0,0,0,0,0,0,0
2020,Ghana,53,0,0,0,0,0,0,0,0,0,0,0,0,0,0,0,0,0,0,0,0,0,0,0,0,0,0,0,0,0,0
2016,Guinea,1,0,0,0,0,0,18,0,0,1,0,0,0,0,7,0,0,0,0,0,0,1,0,0,0,0,0,0,0,0,0
2017,Guinea,1,0,24,0,0,0,16,0,0,0,0,0,0,0,9,0,0,0,0,0,0,0,0,0,0,0,0,0,0,0,0
2018,Guinea,3,0,0,16,0,0,0,0,0,0,0,0,0,0,0,0,0,0,0,0,0,0,0,0,0,0,0,0,0,0,0
2019,Guinea,9,0,0,0,1,0,4,0,0,0,0,0,0,2,0,0,0,0,0,0,0,0,0,0,0,0,0,0,0,0,0
2020,Guinea,28,0,0,0,0,0,7,0,0,0,0,0,0,0,0,0,0,0,0,0,0,1,0,0,0,0,0,0,0,0,0
2018,Guinea-Bissau,0,0,0,0,0,0,0,0,0,0,0,0,0,0,2,0,0,0,0,0,0,0,0,0,0,0,0,0,0,0,0
2010,Iraq,0,0,0,0,0,90,0,0,0,27,0,20,0,17,0,0,0,0,0,0,0,0,0,0,0,0,0,0,0,0,0
2011,Iraq,0,0,0,0,0,71,0,0,0,34,0,8,0,9,0,8,0,0,0,0,3,0,0,0,0,0,0,0,0,0,0
2018,Iraq,4,0,0,0,0,0,0,0,0,0,0,0,0,0,0,0,0,0,0,0,0,0,0,0,0,0,0,0,0,0,0
2019,Iraq,0,0,0,0,0,0,0,0,0,0,0,0,0,0,0,4,0,0,0,0,4,0,0,0,0,0,0,0,0,0,0
2020,Iraq,21,0,0,0,0,0,0,0,0,5,0,0,0,0,0,5,0,0,1,0,0,0,0,0,0,0,0,0,0,0,0
2009,Ivory Coast,0.5,0,0,0,0,0,0,0,0,0,0,0,0,0,2.5,0,0,0,0,0,0,0,0,0,0,0,0,0,0,0,0
2015,Ivory Coast,0,3,5,0,2.5,0,0,1,0,6,0,0,0,0,1.5,0,1.5,0,9,0,0,0,0,0,0,0,0,0,0,0,0
2016,Ivory Coast,3,0,0,0,0,0,0,0,0,0,0,0,0,0,3.5,0,0,0,0,0,0,0,0,0,0,0,0,0,0,0,0
2017,Ivory Coast,0,0,0,0,0,0,0,0,0,0,0,0,0,0,3,0,0,0,0,0,0,0,0,0,0,0,0,0,0,0,0
2018,Ivory Coast,5,0,0,0,0,0,0,0,0,0,0,0,0,0,0,0,0,0,0,0,0,0,0,0,0,0,0,0,0,0,0
2019,Kenya,2,0,0,0,0,0,0,0,0,0,0,0,0,0,0,0,0,0,0,0,0,0,0,0,0,0,0,0,0,0,0
2007,Kosovo,0,1,0,7,20,0,1,0,0,0.5,0,8.5,0,2,0,0,0,0,0,0,0,0,0,0,0,0,0,0,0,0,0
2008,Kosovo,0,0,0,4,13,0,0,0,0,0,0,0,0,0,0,0,0,0,0,0,0,0,0,0,0,0,0,0,0,0,0
2009,Kosovo,3.5,0,0,15.5,56,9,0,0,10.5,1.5,0,0,2,1,0,0,0,2.5,0,0,0,0,0,0,0,0,0,0,0,0,0
2010,Kosovo,136.5,0,0,13,196.5,34,0,0,1,0,0,11.5,0.5,0,0,43,1.5,0,0,0,0,0,0,0,0,1,0,0,0,0,0
2011,Kosovo,181,0,0,10,85,25,4,0,0,47,0,0,0,0,0,0,0,0,0,0,0,0,1,0,0,2,0,0,0,0,0
2012,Kosovo,168,0,0,2,52,42,0,0,37,16,0,0,0,0,0,0,0,0,0,0,0,3,0,0,0,0,0,0,0,0,0
2013,Kosovo,51,0,0,6,33,35,0,0,18,3,0,0,0,0,0,2,0,0,0,0,0,0,0,0,0,0,0,0,0,0,0
2014,Kosovo,67,0,0,19,69,28,0,0,287,9,0,0,0,0,0,23,0,0,0,0,0,0,0,0,0,2,0,0,0,0,0
2015,Kosovo,729,0,0,41,275,31,4,0,340,0,0,0,1,0,0,34,0,0,0,0,0,1,0,0,0,1,0,0,0,4,0
2016,Kosovo,2035,0,0,3,141,36,13,0,65,0,0,0,4,0,0,33,0,11,0,0,4,0,0,0,0,0,0,0,0,0,0
2017,Kosovo,1700,0,0,0,70,35,10,0,7,0,0,0,1,0,0,9,0,22,0,0,0,0,0,0,0,0,0,0,0,0,0
2018,Kosovo,292,0,0,13,39,13,0,0,1,0,0,0,5,0,0,0,0,0,0,0,0,0,0,0,0,0,0,0,0,0,0
2019,Kosovo,368,0,0,0,17,0,0,0,0,0,0,0,0,0,0,0,0,0,0,0,0,0,0,0,0,0,1,0,0,0,0
2020,Kosovo,142,0,0,5,0,0,0,0,0,0,0,0,0,1,0,4,0,0,0,0,0,0,0,0,0,0,3,0,0,0,0
2017,Kyrgyzstan,0,0,0,0,0,0,0,0,0,0,0,0,0,0,2,0,0,0,0,0,0,0,0,0,0,0,0,0,0,0,0
2016,Lebanon,0,0,0,0,0,0,0,0,0,53,0,0,0,0,0,0,0,0,0,0,0,0,0,0,0,0,0,0,0,0,0
2017,Lebanon,2,0,0,0,0,0,0,0,0,11,0,0,0,0,0,0,0,0,0,0,0,0,0,0,0,0,0,0,0,0,0
2018,Lebanon,4,0,0,0,0,0,0,0,0,0,0,0,0,0,0,0,0,0,0,0,0,0,0,0,0,0,0,0,0,0,0
2019,Lebanon,5,0,0,0,0,0,0,0,0,0,0,0,0,0,0,0,0,0,0,0,0,0,0,0,0,0,0,0,0,0,0
2013,Macedonia,94.5,0,1.5,1,0,27.5,0,0,0,0,0,0,0,0,0,5,0,0,0,0,0,0,0,0,0,0,0,0,0,0,0
2014,Macedonia,98.5,0,1.5,1.5,0,6,0,0,0,0,0,0,0,0,0,0,0,8.5,0,0,0,0,0,0,0,0,0,0,0,0,0
2015,Macedonia,129.5,0,0,0,0,20,0,0,0,0,0,0,12.5,0,0,0,0,0,0,0,0,0,0,0,0,0,0,0,0,0,0
2016,Macedonia,534,0,0,0,7,10.5,9,0,0.5,0,0,0,74.5,0,0,0,0,0,0,0,0,0,0,0,0,0,0,0,0,0,0
2017,Macedonia,916,0,0,0,29,0,0,0,0,0,0,0,153,0,0,0,0,0,0,0,0,0,0,0,0,0,0,0,0,0,0
2018,Macedonia,595,0,0,0,2,0,0,0,0,0,0,0,0,0,0,0,0,0,0,0,0,0,0,0,0,0,0,0,0,0,0
2017,Mali,2,0,0,0,0,0,0,0,0,0,0,0,0,0,0,0,0,0,0,0,0,0,0,0,0,0,0,0,0,0,0
2019,Mauritania,0,0,146,0,0,0,0,0,0,0,0,0,0,0,0,0,0,0,0,0,0,0,0,0,0,0,0,0,0,0,0
2020,Mauritania,0,0,184,0,0,0,0,0,0,0,0,0,0,0,0,0,0,0,0,0,0,0,0,0,0,0,0,0,0,0,0
2016,Moldova,181,0,0,0,0,0,0,0,0,0,0,0,0,0,0,0,0,0,0,0,0,0,0,0,0,0,0,0,0,0,0
2017,Moldova,550,0,0,0,0,0,0,0,0,0,0,0,0,0,0,0,0,0,0,0,0,0,0,0,0,0,0,0,0,0,0
2018,Moldova,28,0,0,0,0,3,0,0,0,0,0,0,0,0,5,0,0,0,0,0,0,0,0,0,0,0,0,0,0,0,0
2019,Moldova,334,0,0,0,0,0,0,0,0,0,0,0,0,0,0,0,0,0,0,0,0,0,0,0,0,0,0,0,0,0,0
2020,Moldova,583,0,0,0,0,0,0,0,0,0,0,0,0,0,0,0,0,0,0,0,0,0,0,0,0,0,0,0,0,0,0
2008,Mongolia,0,0,0,0,0,35,0,0,0,3,0,0,0,0,0,0,6,0,0,0,0,0,0,0,0,0,0,0,0,0,0
2009,Mongolia,0,0,0,0,6,117,0,0,0,0,0,0,0,0,0,0,0,0,0,0,0,0,0,0,1,0,0,0,0,0,0
2019,Mongolia,0,0,0,0,6,0,0,0,0,0,0,0,0,0,1,0,0,0,0,0,0,0,0,0,0,0,0,0,0,0,0
2016,Montenegro,52,0,0,0,0,0,0,0,0,0,0,0,0,0,0,0,0,0,0,0,0,0,0,0,0,0,0,0,0,0,0
2017,Montenegro,97,0,0,0,0,0,0,0,0,0,0,0,0,0,0,0,0,14,0,0,0,0,0,0,0,0,0,0,0,0,0
2018,Montenegro,65,0,0,0,0,0,0,0,0,0,0,0,0,0,0,0,0,0,0,0,0,0,0,0,0,0,0,0,0,0,0
2019,Montenegro,34,0,0,0,0,0,0,0,0,0,0,0,0,0,0,0,0,0,0,0,0,0,0,0,0,0,0,0,0,0,0
2020,Montenegro,44,0,0,0,0,0,0,0,0,0,0,0,0,0,0,0,0,0,0,0,0,0,0,0,0,0,0,0,0,0,0
2018,Morocco,0,0,0,0,1,0,0,0,0,0,0,0,0,0,0,0,0,0,0,0,0,0,0,0,0,0,0,0,0,0,0
2007,Nigeria,4,80,3,1,4,0,0,0,0,0,0,0,0,0,5,0,0,0,0,0,0,1,0,0,0,0,0,0,0,0,0
2008,Nigeria,11.5,40.5,14,9.5,7,0,5,0,0,0,19.5,24.5,0,28,10.5,0,4.5,5,0,0,0,0,0,0,0,0.5,0,0,0,0,0
2009,Nigeria,51.5,131,39,14.5,56,11.5,5.5,14,3,24.5,208,129,0,39,46,2,11.5,7,0,5,0,1,0,0,3,1,1,3,1,0,0
2010,Nigeria,47.5,85,54.5,10,104,8,2.5,66.5,12,37,100.5,123.5,0,18.5,0,7,6.5,5,0,16,0,0,0,0,2,0,2,1,0,0,0
2011,Nigeria,40,104,117.5,18.5,59,21.5,6,18,4.5,96.5,117.5,74.5,0,31.5,25.5,31,6,1,0,12,5.5,0,12,0,1,0,0,0,0,0,0
2012,Nigeria,42,169,42,15.5,56.5,14.5,0,22,1,55,56,0,0,24,0,8,4,2,3,36,0,2,3,0,1,0,0,0,0,0,0
2013,Nigeria,30,112,56,8,35,14,0,23,5,37,20,42,0,19,0,12,0,0,33,2,5,4,3,0,0,0,2,0,0,0,0
2014,Nigeria,8,119,26,13,3,11,2,13,0,83,0,41,1,13,7,13,2,0,16,16,13,1,3,1,0,1,0,0,0,0,0
2015,Nigeria,18,218,54,6,8.5,8,7,10,2,68,10,0,0,15,26.5,2,1.5,8,11,9,5,3,0,0,1,0,0,0,0,0,1
2016,Nigeria,16,151,19,2,35,15,19,12,22,36,0,0,0,15,45,0,2,0,0,4,4,0,1,1,0,1,0,0,0,0,0
2017,Nigeria,85,225,55,3,111,14,11,2,23,23,0,0,2,10,39,15,3,6,0,0,11,0,0,0,2,0,0,0,0,0,0
2018,Nigeria,130,149,35,3,182,9,19,1,7,13,0,0,1,18,18,9,0,9,4,0,0,0,0,2,0,1,1,0,0,0,0
2019,Nigeria,331,313,2,11,195,12,1,1,6,3,0,0,0,0,13,2,1,5,7,0,2,2,1,0,3,0,0,0,0,0,0
2020,Nigeria,83,30,0,0,71,4,2,1,4,1,0,0,0,8,0,0,2,7,1,0,0,1,0,0,0,1,0,0,0,0,0
2019,North Macedonia,334,0,0,0,19,0,0,0,0,0,0,0,0,0,0,0,0,6,0,0,0,0,0,0,0,0,0,0,0,0,0
2020,North Macedonia,245,0,0,0,0,0,0,0,0,0,0,0,7,0,0,0,0,0,0,0,0,0,0,0,0,0,0,0,0,0,0
2007,Pakistan,0,0,2,3,0,0,0,0,0,0,0,0,0,0,6.5,0,0,0,0,0,0,0,0,0,0,0,0,0,0,0,0
2008,Pakistan,2,4,40,25,0,0,0,5,0,0,0,18,0,4,7,0,0,0,0,0,0,0,0,0,0,0,1,0,0,0,0
2011,Pakistan,0,0,29,3,0,0,0,0,0,11,13,25,0,0,0,0,0,0,1,0,0,0,2,0,0,0,0,0,0,0,0
2012,Pakistan,0,0,26,5,0,2,0,2,0,0,19,0,0,0,0,0,4,0,1,0,0,0,0,0,0,0,0,0,0,0,0
2013,Pakistan,1,0,37,4,0,4,4,31,3,11,7,0,0,0,1,2,3,0,5,0,0,2,1,0,0,0,0,0,0,0,0
2014,Pakistan,0,0,40,6,0,9,2,139,1,0,0,0,0,0,0,0,3,0,13,2,0,0,0,3,0,0,0,0,0,0,0
2015,Pakistan,1,0,17,0,19,0,0,39,0,0,0,0,0,4,4,0,3,0,45,0,0,0,1,0,0,0,0,0,0,0,0
2016,Pakistan,27,0,0,0,31,2,0,133,31,0,0,0,0,0,0,0,0,0,5,0,0,0,0,0,0,0,0,0,0,0,0
2017,Pakistan,94,5,0,2,59,8,23,139,35,0,0,0,0,0,2,2,6,0,8,0,0,1,0,2,0,7,2,0,0,0,0
2018,Pakistan,277,2,0,0,34,15,1,46,7,0,0,0,0,0,1,4,6,0,1,0,0,0,0,0,0,0,1,0,0,0,0
2019,Pakistan,355,14,0,3,31,9,0,22,1,0,16,0,0,0,2,6,2,0,0,0,0,0,0,0,0,0,1,0,0,0,0
2020,Pakistan,225,0,0,0,20,3,0,61,0,0,0,0,0,0,0,0,5,0,0,0,0,0,0,0,0,0,0,0,0,0,0
2017,Peru,0,0,15,0,0,0,0,0,0,0,0,0,0,0,0,0,0,0,0,0,0,0,0,0,0,0,0,0,0,0,0
2018,Peru,0,0,5,0,0,0,0,0,0,0,0,0,0,0,0,0,0,0,0,0,0,0,0,0,0,0,0,0,0,0,0
2014,Russia,0,0,0,0,0,0,0,0,0,0,0,0,0,0,2,0,40,0,0,0,0,0,0,0,0,0,0,0,0,0,0
2015,Russia,0,0,0,0,0,0,0,0,0,0,0,0,0,0,7,0,4,0,0,0,0,0,0,0,0,0,0,0,0,0,0
2016,Russia,10,0,0,0,0,0,0,0,0,0,0,0,0,0,5,0,0,0,1,0,0,0,0,0,0,0,0,0,0,0,0
2017,Russia,50,0,0,0,33,0,0,0,1,0,0,0,0,0,0,0,0,0,0,0,0,0,0,0,0,0,0,0,0,0,0
2018,Russia,192,0,0,0,90,4,0,0,0,0,0,0,0,0,5,0,0,0,0,0,0,0,0,0,0,0,0,0,0,0,0
2019,Russia,316,0,0,0,28,2,0,0,0,1,0,0,0,0,0,0,0,0,0,0,0,0,0,0,0,0,0,0,0,0,0
2020,Russia,41,0,0,0,25,0,0,0,0,0,0,0,0,0,0,0,0,0,0,0,0,0,0,0,0,0,0,0,0,0,0
2018,Senegal,3,0,203,0,0,0,0,0,0,0,0,0,0,0,0,0,0,0,0,0,0,0,0,0,0,0,0,0,0,0,0
2019,Senegal,12,0,0,0,0,0,0,0,0,0,0,0,0,0,0,0,0,0,0,0,0,0,0,0,0,0,0,0,0,0,0
2011,Serbia,160,0,0,6,0,14,9,0,0,7,0,0,0,0,0,0,0,0,0,0,0,0,0,0,0,0,0,0,0,0,0
2012,Serbia,405,3,0,8,0,126,5,0,0,0,0,0,0,0,0,0,0,31,0,0,0,0,0,0,0,0,0,0,0,0,0
2013,Serbia,248.5,0,6.5,1,0,89.5,0,0,0,0,5,0,1,0,0,5,0,0,0,0,0,0,0,0,0,0,0,0,0,0,0
2014,Serbia,169.5,0,1.5,1.5,0,41,0,0,0,0,0,0,0,0,0,0,0,16.5,0,0,0,0,0,0,0,0,0,0,0,0,0
2015,Serbia,171.5,0,0,0,0,12.5,3,0,0,0,0,0,0,9,0,0,0,0,0,0,0,0,0,0,0,0,0,0,0,0,0
2016,Serbia,1396.5,0,6.5,0,0,36,10,11,0,0,0,0,1.5,0.5,0,5.5,0,0,0.5,0,1,0,0,0,0,0,0,0,0,0,0
2017,Serbia,1722,0,0,0,28,0,15,0,0,0,0,0,3,0,0,0,0,16,0,0,0,0,0,0,0,0,0,0,0,0,0
2018,Serbia,1078,0,0,4,23,1,0,0,0,0,0,0,16,0,0,0,0,0,0,0,0,0,0,0,0,0,0,0,0,0,0
2019,Serbia,569,0,0,0,12,0,0,0,0,0,0,0,0,0,0,0,0,0,0,0,0,0,0,0,0,0,0,0,0,0,0
2020,Serbia,479,0,0,0,0,0,0,0,0,0,0,0,0,0,0,0,0,0,0,0,0,0,0,0,0,0,0,0,0,0,0
2016,Somalia,0,0,0,0,0,0,0,0,0,0,0,0,0,0,0,0,0,0,0,0,2,0,0,0,0,0,0,0,0,0,0
2018,Somalia,4,0,0,0,0,0,0,0,0,0,0,0,0,0,0,0,0,0,0,0,0,0,0,0,0,0,0,0,0,0,0
2019,Somalia,6,0,0,0,0,0,0,0,0,0,0,0,0,0,0,0,0,0,0,0,0,0,0,0,0,0,0,0,0,0,0
2016,Sri Lanka,2,0,0,0,0,0,0,0,0,0,0,0,0,0,5,0,0,0,0,0,0,0,0,2,0,0,0,0,0,0,0
2017,Sri Lanka,1,0,0,0,0,5,0,0,0,0,0,0,0,0,0,0,0,0,23,0,0,0,0,0,0,0,0,0,0,0,0
2018,Sri Lanka,0,0,0,0,0,0,0,0,0,0,0,0,0,0,11,0,0,0,0,0,0,0,0,0,0,0,0,0,0,0,0
2016,Sudan,0,40,0,0,0,0,0,0.5,2,1,0,0,0,0,3.5,0,0.5,0,0,0,0,0,0,0,0,0,0,0,0,0,0
2017,Sudan,0,0,0,0,0,0,0,0,0,2,0,0,0,0,4,0,0,0,0,0,0,0,0,0,0,0,0,0,0,0,0
2018,Sudan,0,0,0,0,0,0,0,0,0,0,0,0,0,0,5,0,0,0,0,0,0,0,0,0,0,0,0,0,0,0,0
2019,Sudan,1,0,0,0,0,0,0,0,0,0,0,0,0,0,5,0,0,0,0,0,0,0,0,0,0,0,0,0,0,0,0
2007,Togo,14,0,1,3,0,0,0,0,0,0,0,0,0,7,4,0,0.5,0.5,0,0,0,0,0,0,0,0,0,0,0,0,0
2009,Togo,0.5,0,0,0,0,0,0,0,0,0,0,0,0,0,2.5,0,0,0,0,0,0,0,0,0,0,0,0,0,0,0,0
2016,Togo,2,0,0,0,0,0,0,0,0,0,0,0,0,0,0,0,0,0,0,0,0,0,0,0,0,0,0,0,0,0,0
2017,Togo,1,0,0,0,0,0,0,0,0,0,0,0,0,0,0,0,0,0,0,0,0,0,0,0,0,0,0,0,0,0,0
2018,Togo,2,0,0,0,0,0,0,0,0,0,0,0,0,0,0,0,0,0,0,0,0,0,0,0,0,0,0,0,0,0,0
2016,Tunisia,38,609,0,0,0,0,0,0,0,0,0,0,0,0,0,0,0,0,0,0,0,0,0,0,0,0,0,0,0,0,0
2017,Tunisia,189,1530,0,0,0,0,0,0,0,0,0,0,0,0,0,0,0,0,0,0,0,0,0,0,0,0,0,0,0,0,0
2018,Tunisia,233,1835,0,0,0,0,0,0,0,0,0,0,0,0,0,0,0,0,0,0,0,0,0,0,0,0,0,0,0,0,0
2019,Tunisia,247,1345,0,0,0,0,0,0,0,0,0,0,0,0,0,0,0,0,0,0,0,0,0,0,0,0,0,0,0,0,0
2020,Tunisia,140,1332,0,0,0,0,0,0,0,0,0,0,0,0,0,0,0,0,0,0,0,0,0,0,0,0,0,0,0,0,0
2016,Turkey,0,0,0,0,7,0,0,0,0,0,0,0,0,0,0,0,0,0,0,0,0,0,0,0,0,0,0,0,0,0,0
2018,Turkey,1,0,0,0,0,0,0,0,0,0,0,0,0,0,0,0,0,0,0,0,0,0,0,0,0,0,0,0,0,0,0
2019,Turkey,20,0,0,0,0,0,0,0,0,0,0,0,0,0,0,1,0,0,0,0,0,0,0,0,0,0,0,0,0,0,0
2020,Turkey,0,0,0,0,0,0,0,0,0,0,0,0,0,0,0,4,0,0,0,0,0,0,0,0,0,0,0,0,0,0,0
2010,Ukraine,0,13,30,3,0,0,0,0,0,0,0,0,0,0,0,0,0,0,0,0,0,0,0,0,0,0,0,0,0,0,0
2011,Ukraine,0,0,56,4.5,0,3.5,0,0,0.5,2,6.5,0,0,0,0,0,0,0,0,0,0,0,1.5,0,0,0,0,0,0,0,0
2012,Ukraine,4.5,5,33.5,5,9.5,0.5,0,0,0.5,4,4,0,0,0,0,0,0,0,0,0,0,0,1,0,0,0,0,0,0,0,0
2013,Ukraine,2,3,25,3.5,0,1,0,2,0,0,3.5,0,0,0,1,0,5,0,0,0,0,0,1,0,0,0,0,0,0,0,0
2017,Ukraine,13,0,6,6,20,0,0,0,0,0,0,0,0,0,5,0,0,0,0,0,0,0,0,0,0,0,0,0,0,0,0
2018,Ukraine,68,0,5,0,0,0,0,0,0,0,0,0,0,0,7,0,0,0,0,0,0,0,0,0,0,0,0,0,0,0,0
2019,Ukraine,83,0,0,0,0,0,0,0,0,0,0,0,0,0,0,0,0,0,0,0,0,0,0,0,0,0,0,0,0,0,0
2020,Ukraine,155,0,0,0,0,0,0,0,0,0,0,0,0,1,0,0,0,0,0,0,0,0,0,0,0,0,0,0,0,0,0
2012,Uzbekistan,0,0,0,0,0,5,0,0,0,0,0,0,0,0,0,1,0,0,0,0,0,0,0,0,0,0,0,0,0,0,0
2019,Uzbekistan,0,0,0,0,14,0,0,0,0,0,0,0,0,0,0,0,0,0,0,0,0,0,0,0,0,0,0,0,0,0,0
2009,Vietnam,83,0,0,0,0,0,0,0,0,0,0,0,0,0,0,0,29,0,0,0,0,0,0,0,0,0,0,0,0,0,0
2020,Vietnam,0,0,0,0,0,0,0,0,0,0,0,0,0,2,0,0,14,0,0,0,0,25,0,0,8,0,0,0,0,0,0
