YEAR,DEST,Germany,Italy,France,Spain,Austria,Sweden,Belgium,Greece,Hungary,Norway,Ireland,United Kingdom,Iceland,Switzerland,Netherlands,Finland,Poland,Luxembourg,Bulgaria,Malta,Romania,Denmark,Portugal,Lithuania,Czech Republic,The Netherlands,Slovakia,Slovenia,Cyprus,Latvia,Croatia,Estonia,Frontex
2006,all destinations,0,0,2,0,3,0,0,0,0,0,0,0,0,0,0,0,3,0,0,0,0,0,0,0,0,0,0,0,0,0,0,0,0
2007,all destinations,45,93,34,130,24,0,3,0,0,1,0,17,0,44,28,0,5,2,0,0,2,0,0,0,0,0,0,0,0,0,0,0,0
2008,all destinations,23,54,47,404,24,35,5,5,0,3,23,60,0,21,37,0,11,6,0,0,0,0,0,0,0,0,1,1,0,5,0,0,0
2009,all destinations,152,138,68,236,211,156,7,25,24,31,216,131,4,65,48,2,78,12,0,5,1,0,0,0,4,0,1,1,3,1,0,0,0
2010,all destinations,226,100,52,343,405,143,5,86,13,67,111,176,1,2,50,51,80,5,0,16,0,0,0,0,2,0,2,2,3,0,0,0,0
2011,all destinations,390,104,49,550,182,142,26,20,14,215,185,113,0,36,43,45,21,1,3,12,1,9,17,0,1,0,2,0,0,0,0,0,0
2012,all destinations,647,195,62,354,184,200,5,24,42,79,101,0,0,6,24,9,18,33,6,48,6,0,6,0,1,0,0,0,0,0,0,0,0
2013,all destinations,455,128,105,542,81,195,60,79,28,52,64,42,39,6,24,26,29,0,41,2,6,5,6,0,0,0,0,2,0,0,0,0,0
2014,all destinations,473,119,155,334,80,148,59,165,288,93,0,41,1,12,14,60,65,34,31,18,2,17,3,13,0,0,3,0,0,0,0,0,0
2015,all destinations,1385,248,206,241,309,271,68,69,342,74,12,45,44,64,35,58,16,25,71,9,4,6,1,12,1,0,1,0,0,0,4,2,0
2016,all destinations,7256,800,283,362,317,324,182,204,140,92,0,47,189,87,58,67,6,30,8,4,1,14,1,9,0,0,1,0,0,0,0,0,2
2017,all destinations,8637,1992,1018,409,541,220,277,194,93,36,0,35,306,87,29,100,10,81,31,1,2,27,1,2,3,0,7,3,0,0,0,0,0
2018,all destinations,6854,2027,1082,616,701,132,259,68,29,13,0,0,83,86,141,29,6,9,8,0,0,0,4,2,0,0,1,3,0,0,0,0,0
2019,all destinations,5654,1863,1382,669,571,302,205,26,15,18,47,0,10,33,0,31,4,24,25,0,2,6,1,0,3,9,0,3,0,0,0,0,0
2020,all destinations,3851,1389,989,357,240,78,58,98,5,7,0,0,16,0,0,23,21,12,7,2,27,0,0,0,8,15,1,3,0,0,0,0,0
2021,all destinations,5400,2148,1322,507,284,80,22,162,15,11,0,0,6,21,0,3,17,23,13,0,44,0,1,2,10,0,1,2,0,0,0,0,0
2016,Afghanistan,34,0,0,0,0,13,0,0,0,0,0,0,0,0,0,3,0,0,0,0,0,3,0,0,0,0,0,0,0,0,0,0,0
2017,Afghanistan,121,0,1,0,56,42,1,0,20,0,0,0,0,0,0,56,0,0,0,0,0,16,0,0,0,0,0,1,0,0,0,0,0
2018,Afghanistan,284,0,0,0,116,68,2,6,11,0,0,0,0,0,0,6,0,0,2,0,0,0,0,0,0,0,0,0,0,0,0,0,0
2019,Afghanistan,361,0,0,0,168,246,0,3,7,0,0,0,0,0,0,0,0,0,16,0,0,0,0,0,0,0,0,1,0,0,0,0,0
2020,Afghanistan,137,0,0,0,37,46,0,2,0,0,0,0,0,0,0,0,0,0,5,0,0,0,0,0,0,0,0,0,0,0,0,0,0
2021,Afghanistan,167,0,0,0,52,29,2,0,5,0,0,0,0,0,0,2,0,1,7,0,36,0,0,0,0,0,1,0,0,0,0,0,0
2007,Albania,0,1,5,0,0,0,1,0,0,0.5,0,8.5,0,0,2,0,0,0,0,0,0,0,0,0,0,0,0,0,0,0,0,0,0
2009,Albania,3.5,0,15.5,0,56,9,0,0,10.5,1.5,0,0,2,0,1,0,0,2.5,0,0,0,0,0,0,0,0,0,0,0,0,0,0,0
2010,Albania,11.5,0,3,0,68.5,2,0,0,0,0,0,11.5,0.5,0,0,0,1.5,0,0,0,0,0,0,0,0,0,1,0,0,0,0,0,0
2013,Albania,0,5,59,8,0,10,15,0,0,0,15,0,38,0,1,0,0,0,0,0,0,0,0,0,0,0,0,0,0,0,0,0,0
2014,Albania,71.5,0,91.5,43,3,36,20,2,0,0.5,0,0,0,0,0,18.5,0,0,0,0,0,0,0,1.5,0,0,0,0,0,0,0,0,0
2015,Albania,184,10,152.5,45.5,0,134,32,7,0,0,0,45,26,0,7,18,0,0,0,0,0,1,0,1.5,0,0,0,0,0,0,0,0.5,0
2016,Albania,2279,0,278,29.5,22,153.5,73,0,10.5,0,0,47,107,0,37.5,25.5,3,19,0.5,0,0,0,0,0,0,0,0,0,0,0,0,0,0
2017,Albania,2501,0,1006,38,8,78,145,0,0,0,0,35,119,0,19,9,0,18,0,0,0,0,0,0,0,0,0,0,0,0,0,0,0
2018,Albania,2171,0,1002,93,28,13,213,0,2,0,0,0,25,0,123,6,0,0,1,0,0,0,1,0,0,0,0,0,0,0,0,0,0
2019,Albania,795,0,1227,146,7,0,195,0,0,0,19,0,0,0,0,9,0,9,0,0,0,0,0,0,0,7,0,0,0,0,0,0,0
2020,Albania,591,47,903,44,0,7,49,0,0,0,0,0,6,0,0,0,0,5,0,0,0,0,0,0,0,2,0,0,0,0,0,0,0
2021,Albania,602,0,1240,112,4,11,6,0,0,0,0,0,0,0,0,0,0,11,0,0,0,0,0,0,0,0,0,0,0,0,0,0,0
2019,Angola,0,0,0,0,0,0,0,0,0,0,0,0,0,2,0,0,0,0,0,0,0,0,0,0,0,0,0,0,0,0,0,0,0
2006,Armenia,0,0,1,0,1.5,0,0,0,0,0,0,0,0,0,0,0,1.5,0,0,0,0,0,0,0,0,0,0,0,0,0,0,0,0
2009,Armenia,1,0,2,5,9,3.5,0,0,0,0,3.5,0,0,0,0,0,4,0,0,0,0,0,0,0,0,0,0,0,0,0,0,0,0
2010,Armenia,2.5,0,2,6.5,8,3,0,0,0,0,0,0,0,0,0,0,7,0,0,0,0,0,0,0,0,0,0,0,0,0,0,0,0
2011,Armenia,0,0,0,0,13,0,0,0,4,0,0,0,0,1,0,0,1,0,0,0,0,0,0,0,0,0,0,0,0,0,0,0,0
2012,Armenia,9.5,3.5,8,8.5,22.5,2,0,0,1.5,0,0,0,0,2.5,0,0,5,0,1,0,0.5,0,0,0,0,0,0,0,0,0,0,0,0
2013,Armenia,2,0,2.5,3.5,4.5,6,0,0,0,0,0,0,0,0,2,0,0,0,0,0,0,0,0,0,0,0,0,0,0,0,0,0,0
2015,Armenia,11,1.5,0,4,2,15.5,0,2.5,0,0,0,0,0.5,0,0,4,0,0,0,0,0,0,0,1,0,0,0,0,0,0,0,0,0
2016,Armenia,31.5,0,0,19,31,29,16.5,10.5,1.5,0,0,0,1,4,5,0,0,0,0.5,0,0,0,0,3,0,0,0,0,0,0,0,0,1
2017,Armenia,57,0,0,0,60,8,5,4,2,0,0,0,0,1,0,0,0,0,0,0,0,0,0,0,0,0,0,0,0,0,0,0,0
2018,Armenia,219,0,9,0,27,0,0,0,0,0,0,0,0,0,0,0,0,0,0,0,0,0,0,0,0,0,0,0,0,0,0,0,0
2019,Armenia,252,0,0,0,19,0,0,0,0,0,0,0,0,4,0,0,0,0,0,0,0,0,0,0,0,0,0,0,0,0,0,0,0
2020,Armenia,40,0,0,0,2,0,0,0,0,0,0,0,0,0,0,0,0,0,0,0,0,0,0,0,0,0,0,0,0,0,0,0,0
2021,Armenia,351,0,0,0,10,1,0,0,0,0,0,0,0,0,0,0,0,0,1,0,0,0,0,0,0,0,0,0,0,0,0,0,0
2017,Azerbaijan,0,0,0,0,0,0,4,0,0,0,0,0,0,0,0,0,0,0,0,0,0,0,0,0,0,0,0,0,0,0,0,0,0
2018,Azerbaijan,0,0,0,0,8,0,0,0,0,0,0,0,0,1,0,0,0,0,0,0,0,0,0,0,0,0,0,0,0,0,0,0,0
2019,Azerbaijan,121,0,0,0,0,0,0,0,0,0,0,0,0,0,0,0,0,0,0,0,0,0,0,0,0,0,0,0,0,0,0,0,0
2020,Azerbaijan,50,0,0,0,0,0,0,0,0,0,0,0,0,0,0,0,0,0,0,0,0,0,0,0,0,0,0,0,0,0,0,0,0
2021,Azerbaijan,218,0,0,0,0,0,0,0,0,0,0,0,0,0,0,0,0,0,0,0,0,0,0,0,0,0,0,0,0,0,0,0,0
2008,Bangladesh,0,1,1,62,0,0,0,0,0,0,0,0,0,0,0,0,0,0,0,0,0,0,0,0,0,0,0,0,0,5,0,0,0
2016,Bangladesh,3,0,0,0,0,0,0,0,0,0,0,0,0,0,0,0,0,0,0,0,0,0,0,0,0,0,0,0,0,0,0,0,0
2017,Bangladesh,36,0,0,0,0,0,0,0,0,0,0,0,0,0,0,0,0,0,0,0,0,0,0,0,0,0,0,0,0,0,0,0,0
2018,Bangladesh,83,0,0,0,11,0,0,0,0,0,0,0,0,0,0,0,0,0,0,0,0,0,0,0,0,0,0,0,0,0,0,0,0
2019,Bangladesh,115,0,0,0,4,0,0,0,0,0,0,0,0,1,0,0,0,0,0,0,0,0,0,0,0,0,0,0,0,0,0,0,0
2020,Bangladesh,15,0,0,0,0,0,0,0,0,0,0,0,1,0,0,0,0,0,0,2,0,0,0,0,0,0,0,0,0,0,0,0,0
2021,Bangladesh,33,0,0,0,6,0,0,19,0,0,0,0,0,0,0,0,0,0,0,0,1,0,0,0,0,0,0,0,0,0,0,0,0
2018,Belarus,3,0,0,0,0,0,0,0,0,0,0,0,0,0,0,0,0,0,0,0,0,0,0,0,0,0,0,0,0,0,0,0,0
2007,Benin,5,0,0,0,0,0,0,0,0,0,0,0,0,1.5,0,0,0,0,0,0,0,0,0,0,0,0,0,0,0,0,0,0,0
2019,Benin,2,0,0,0,0,0,0,0,0,0,0,0,0,0,0,0,0,0,0,0,0,0,0,0,0,0,0,0,0,0,0,0,0
2014,Bosnia and Herzegovina,41,0,5,2,0,9,0,0,0,0,0,0,0,0,0,2,0,8,0,0,0,0,0,0,0,0,0,0,0,0,0,0,0
2015,Bosnia and Herzegovina,87,0,0,0,0,15,0,0,0,0,0,0,0,0,0,0,0,17,0,0,0,0,0,0,0,0,0,0,0,0,0,0,0
2016,Bosnia and Herzegovina,108.5,0,0,0,0,0,0,0,0.5,0,0,0,0,0,0,0,0,0,0,0,0,0,0,0,0,0,0,0,0,0,0,0,0
2017,Bosnia and Herzegovina,157,0,0,0,0,0,6,0,0,0,0,0,0,0,0,0,0,0,0,0,0,0,0,0,0,0,0,0,0,0,0,0,0
2018,Bosnia and Herzegovina,80,0,0,0,0,0,0,0,0,0,0,0,0,0,0,0,0,0,0,0,0,0,0,0,0,0,0,0,0,0,0,0,0
2019,Bosnia and Herzegovina,62,0,0,0,0,0,0,0,0,0,0,0,0,0,0,0,0,0,0,0,0,0,0,0,0,0,0,0,0,0,0,0,0
2020,Bosnia and Herzegovina,24,0,0,0,0,0,0,0,0,0,0,0,0,0,0,0,0,0,0,0,0,0,0,0,0,0,0,0,0,0,0,0,0
2021,Bosnia and Herzegovina,50,0,0,0,0,0,0,0,0,0,0,0,0,0,0,0,0,0,0,0,0,0,0,0,0,0,0,0,0,0,0,0,0
2018,Burkina Faso,3,0,0,0,0,0,0,0,0,0,0,0,0,0,0,0,0,0,0,0,0,0,0,0,0,0,0,0,0,0,0,0,0
2007,Cameroon,16,1,9,3.5,0,0,1,0,0,0,0,0,0,17.5,15,0,1.5,1,0,0,1,0,0,0,0,0,0,0,0,0,0,0,0
2009,Cameroon,4,0,2.5,8,1.5,1,1.5,0,0,0,0,0,0,0,7,0,0.5,0,0,0,0,0,0,0,0,0,0,0,0,0,0,0,0
2010,Cameroon,3,0,1,4.5,2,2.5,2.5,0,0,1.5,0,9.5,0,0,13.5,0,0,0,0,0,0,0,0,0,0,0,0,0,0,0,0,0,0
2017,Cameroon,0,0,0,0,0,0,0,0,0,0,0,0,0,6,0,0,0,0,0,0,0,0,0,0,0,0,0,0,0,0,0,0,0
2019,Cameroon,1,0,0,0,0,0,0,0,0,0,0,0,0,0,0,0,0,0,0,0,0,0,0,0,0,0,0,0,0,0,0,0,0
2007,Colombia,0,4.5,1.5,58,0,0,0,0,0,0,0,0,0,0,1,0,1,0,0,0,0,0,0,0,0,0,0,0,0,0,0,0,0
2008,Colombia,0.5,3.5,0.5,140.5,0,0,0,0,0,0,0,0,0,0,1.5,0,0,0,0,0,0,0,0,0,0,0,0,0,0,0,0,0,0
2009,Colombia,0,3.5,5,82,0,0,0,0,0,0,0,0,0,0,0,0,0,0,0,0,0,0,0,0,0,0,0,0,0,0,0,0,0
2010,Colombia,0,1,3.5,102.5,0,0,0,0,0,0,0,0,0,0,0.5,0,0,0,0,0,0,0,0,0,0,0,0,0,0,0,0,0,0
2011,Colombia,0,0,1,151.5,0,0,0,0,0,0,0,0,0,0,0,0,0,0,1,0,0.5,0,0,0,0,0,0,0,0,0,0,0,0
2012,Colombia,0,1.5,0.5,98.5,0,0,0,0,0,0,0,0,0,0,0,0,0,0,0,0,0,0,0.5,0,0,0,0,0,0,0,0,0,0
2013,Colombia,0,1.5,2.5,142.5,0,0,0,0,0,0,0,0,0,0,0,0,0,0,0,0,0,0,0,0,0,0,0,0,0,0,0,0,0
2014,Colombia,0,0,0,94,0,0,0,2.5,0,0,0,0,0,0,0,0,0,0,1,0,0,0,0,0,0,0,0,0,0,0,0,0,0
2015,Colombia,0,0,0,30.5,0,0,0,0,0,0,0,0,0,0.5,0,0,0,0,0,0,0,0,0,0,0,0,0,0,0,0,0,0,0
2016,Colombia,1,0,0,133.5,0,0,0,0,1,0,0,0,0,0,0,0,0,0,0,0,0,0,0,0,0,0,0,0,0,0,0,0,0
2017,Colombia,0,0,0,177,0,0,0,0,0,0,0,0,0,0,0,0,0,0,0,0,0,0,0,0,0,0,0,0,0,0,0,0,0
2018,Colombia,0,0,0,207,0,0,0,0,0,0,0,0,0,6,0,0,0,0,0,0,0,0,1,0,0,0,0,0,0,0,0,0,0
2019,Colombia,0,0,0,223,0,0,0,0,0,0,0,0,0,0,0,5,1,0,0,0,0,0,0,0,0,0,0,0,0,0,0,0,0
2020,Colombia,0,0,0,84,0,0,0,0,0,0,0,0,0,0,0,0,0,0,0,0,0,0,0,0,0,0,0,0,0,0,0,0,0
2021,Colombia,0,0,0,221,0,5,0,0,0,0,0,0,0,1,0,0,1,0,0,0,0,0,0,0,0,0,0,0,0,0,0,0,0
2011,Congo DR,6,0,2.5,7.5,0,3.5,7,0,0,8.5,41.5,5.5,0,5.5,2.5,3.5,1,0,0,0,0,0,0,0,0,0,0,0,0,0,0,0,0
2013,Congo DR,3,0,3,0,0,0,41,0,0,0,10,0,0,0,0,0,0,0,0,0,0,0,0,0,0,0,0,0,0,0,0,0,0
2014,Congo DR,0,0,3,0,0,0,35,0,0,0,0,0,0,0,0,3,0,1,0,0,1,0,0,0,0,0,0,0,0,0,0,0,0
2015,Congo DR,0,0,0,0,0,1,22,0,0,0,2,0,0,10,0,0,0,0,0,0,0,0,0,1,0,0,0,0,0,0,0,0,0
2016,Congo DR,0,0,0,0,0,0,12,0,0,0,0,0,0,0,0,0,0,0,0,0,0,0,0,0,0,0,0,0,0,0,0,0,0
2017,Congo DR,1,0,0,0,0,4,32,0,0,0,0,0,0,5,0,3,1,0,0,0,1,0,0,0,1,0,0,0,0,0,0,0,0
2018,Congo DR,1,0,0,0,0,0,12,0,1,0,0,0,0,2,0,1,0,0,0,0,0,0,0,0,0,0,0,0,0,0,0,0,0
2019,Congo DR,1,0,0,0,0,0,3,0,1,0,0,0,0,2,0,0,0,0,0,0,0,0,0,0,0,0,0,0,0,0,0,0,0
2021,Congo DR,0,0,0,0,0,0,5,0,0,0,0,0,0,2,0,0,0,0,0,0,0,0,0,0,0,0,0,0,0,0,0,0,0
2019,CÃ´te d'Ivoire,2,0,0,0,0,0,0,0,0,0,0,0,0,0,0,0,0,0,0,0,0,0,0,0,0,0,0,0,0,0,0,0,0
2011,Dominican Republic,0,0,0.5,45.5,0,0,0,0,0,0,0,0,0,0,0,0,0,0,0,0,0,0,0,0,0,0,0,0,0,0,0,0,0
2013,Dominican Republic,0,0,1.5,47.5,0,0,0,0,0,0,0,0,0,0,0,0,0,0,0,0,0,0,0,0,0,0,0,0,0,0,0,0,0
2014,Dominican Republic,0,0,0,48,0,0,0,2.5,0,0,0,0,0,0,0,0,0,0,0,0,0,0,0,0,0,0,0,0,0,0,0,0,0
2015,Dominican Republic,0,0,0,30.5,0,0,0,0,0,0,0,0,0,0.5,0,0,0,0,0,0,0,0,0,0,0,0,0,0,0,0,0,0,0
2016,Dominican Republic,0,0,0,104.5,0,0,0,0,1,0,0,0,0,0,0,0,0,0,0,0,0,0,0,0,0,0,0,0,0,0,0,0,0
2017,Dominican Republic,0,0,0,28,0,0,0,1,0,0,0,0,0,0,0,0,0,0,0,0,0,0,0,0,0,0,0,0,0,0,0,0,0
2018,Dominican Republic,0,0,0,25,0,0,0,0,0,0,0,0,0,0,0,0,0,0,0,0,0,0,0,0,0,0,0,0,0,0,0,0,0
2019,Dominican Republic,0,0,0,26,0,0,0,0,0,0,0,0,0,0,0,0,0,0,2,0,0,0,0,0,0,0,0,0,0,0,0,0,0
2020,Dominican Republic,0,0,0,9,0,0,0,0,0,0,0,0,0,0,0,0,0,0,0,0,0,0,0,0,0,0,0,0,0,0,0,0,0
2021,Dominican Republic,0,0,0,18,0,0,0,0,0,0,0,0,0,0,0,0,0,1,1,0,0,0,0,0,0,0,0,0,0,0,0,0,0
2007,Ecuador,0,4.5,1.5,58,0,0,0,0,0,0,0,0,0,0,1,0,1,0,0,0,0,0,0,0,0,0,0,0,0,0,0,0,0
2008,Ecuador,0.5,3.5,0.5,140.5,0,0,0,0,0,0,0,0,0,0,1.5,0,0,0,0,0,0,0,0,0,0,0,0,0,0,0,0,0,0
2009,Ecuador,0,3.5,5,82,0,0,0,0,0,0,0,0,0,0,0,0,0,0,0,0,0,0,0,0,0,0,0,0,0,0,0,0,0
2010,Ecuador,0,1,3.5,102.5,0,0,0,0,0,0,0,0,0,0,0.5,0,0,0,0,0,0,0,0,0,0,0,0,0,0,0,0,0,0
2011,Ecuador,0,0,0.5,106,0,0,0,0,0,0,0,0,0,0,0,0,0,0,1,0,0.5,0,0,0,0,0,0,0,0,0,0,0,0
2012,Ecuador,0,1.5,0.5,98.5,0,0,0,0,0,0,0,0,0,0,0,0,0,0,0,0,0,0,0.5,0,0,0,0,0,0,0,0,0,0
2013,Ecuador,0,3.5,1,186,0,0,0,0,0,0,0,0,0,0,0,0,0,0,1,0,0,0,0,0,0,0,0,0,0,0,0,0,0
2014,Ecuador,0,0,0,46,0,0,0,0,0,0,0,0,0,0,0,0,0,0,1,0,0,0,0,0,0,0,0,0,0,0,0,0,0
2019,Ecuador,0,0,0,13,0,0,0,0,0,0,0,0,0,0,0,0,0,0,0,0,0,0,0,0,0,0,0,0,0,0,0,0,0
2016,Egypt,0,0,0,0,0,0,0,0.5,2,1,0,0,0,3.5,0,0,0.5,0,0,0,0,0,0,0,0,0,0,0,0,0,0,0,0
2017,Egypt,6,182,0,0,0,0,0,0,0,0,0,0,0,1,0,0,0,0,0,0,0,0,0,0,0,0,0,0,0,0,0,0,0
2018,Egypt,43,37,1,0,0,0,0,0,0,0,0,0,0,1,0,0,0,0,0,0,0,0,0,0,0,0,0,0,0,0,0,0,0
2019,Egypt,28,176,0,0,0,0,0,0,0,0,0,0,0,0,0,0,0,0,0,0,0,0,0,0,0,0,0,0,0,0,0,0,0
2020,Egypt,0,49,0,0,0,0,0,0,0,0,0,0,0,0,0,0,0,0,0,0,0,0,0,0,0,0,0,0,0,0,0,0,0
2021,Egypt,39,261,0,0,0,0,0,0,0,0,0,0,0,0,0,0,0,0,0,0,0,0,0,0,0,0,0,0,0,0,0,0,0
2019,Ethiopia,0,0,0,0,0,15,0,0,0,14,0,0,0,0,0,4,0,0,0,0,0,0,0,0,0,0,0,0,0,0,0,0,0
2020,Ethiopia,10,0,0,0,0,0,0,0,0,0,0,0,0,0,0,0,0,0,0,0,0,0,0,0,0,0,0,0,0,0,0,0,0
2021,Ethiopia,20,0,0,0,0,2,0,0,0,0,0,0,0,4,0,0,0,0,0,0,0,0,0,0,0,0,0,0,0,0,0,0,0
2008,Gambia,8.5,0.5,2.5,7,4,0,0,0,0,0,2.5,17.5,0,3.5,2,0,0.5,1,0,0,0,0,0,0,0,0,0.5,0,0,0,0,0,0
2009,Gambia,3.5,0,0,0,6.5,1.5,0,0,0,3.5,0,0,0,0,0,0,0,0,0,0,0,0,0,0,0,0,0,0,0,0,0,0,0
2010,Gambia,3.5,0,0,0,6,0.5,0,0.5,0,0.5,10.5,0,0,0,0,1,0.5,0,0,0,0,0,0,0,0,0,0,0,1,0,0,0,0
2011,Gambia,3,0,0,0,6,1,0,0,0.5,7,0,0,0,0,0,2.5,0,0,0,0,0,0.5,0,0,0,0,0,0,0,0,0,0,0
2017,Gambia,4,0,0,0,3,5,0,0,0,0,0,0,0,0,0,3,0,0,0,0,0,0,0,0,0,0,0,0,0,0,0,0,0
2018,Gambia,85,4,0,0,12,2,0,0,0,0,0,0,0,9,0,1,0,0,0,0,0,0,0,0,0,0,0,1,0,0,0,0,0
2019,Gambia,36,7,0,0,2,2,0,0,0,0,0,0,0,0,0,0,0,0,0,0,0,0,0,0,0,0,0,0,0,0,0,0,0
2020,Gambia,19,0,0,0,1,4,0,0,1,1,0,0,0,0,0,0,0,0,0,0,0,0,0,0,0,0,0,0,0,0,0,0,0
2021,Gambia,22,0,0,0,0,1,0,0,0,0,0,0,0,0,0,1,0,0,0,0,0,0,0,0,0,0,0,0,0,0,0,0,0
2006,Georgia,0,0,1,0,1.5,0,0,0,0,0,0,0,0,0,0,0,1.5,0,0,0,0,0,0,0,0,0,0,0,0,0,0,0,0
2007,Georgia,0,0,3,2,0,0,0,0,0,0,0,0,0,6.5,0,0,0,0,0,0,0,0,0,0,0,0,0,0,0,0,0,0,0
2009,Georgia,1,0,8,20,20,3.5,0,11,0,0,4.5,2,0,14,0,0,33,0,0,0,0,0,0,0,0,0,0,0,0,0,0,0,0
2010,Georgia,21.5,0,13,42.5,20,3,0,19,0,1,0,0,0,2,0,0,63,0,0,0,0,0,0,0,0,0,0,0,1,0,0,0,0
2011,Georgia,0,0,2.5,37,19,2.5,0,2,4.5,2,6.5,0,0,4,0,0,13,0,0,0,0,0,0.5,0,0,0,0,0,0,0,0,0,0
2012,Georgia,18,11.5,16,47,43,7.5,0,0,2,4,13,0,0,3.5,0,0,5,0,1,0,0.5,0,1,0,0,0,0,0,0,0,0,0,0
2013,Georgia,23,3,12,28.5,8.5,8,0,23,2,1,3.5,0,0,4,2,0,21,0,2,0,0,0,1,0,0,0,0,0,0,0,0,0,0
2014,Georgia,17.5,0,14.5,32,5,8,0,6,0,0.5,0,0,0,3,1,0.5,20,0,0,0,0,4,0,7.5,0,0,0,0,0,0,0,0,0
2015,Georgia,54,15.5,6.5,54.5,2,34,0,9.5,0,0,0,0,4,14,0,0,6,0,6,0,0,0,0,8.5,0,0,0,0,0,0,0,0.5,0
2016,Georgia,200.5,0,0,50,43,29,11.5,36.5,3,0,0,0,1,7,0,0,0,0,0.5,0,0,0,0,3,0,0,0,0,0,0,0,0,0
2017,Georgia,327,0,0,66,64,20,6,48,5,0,0,0,28,9,0,0,0,5,0,0,0,0,1,0,0,0,0,0,0,0,0,0,0
2018,Georgia,803,0,34,42,128,4,8,15,0,0,0,0,36,13,0,2,0,0,0,0,0,0,2,0,0,0,0,0,0,0,0,0,0
2019,Georgia,751,8,141,113,48,16,2,0,0,0,12,0,10,3,0,0,0,4,0,0,0,0,0,0,0,0,0,0,0,0,0,0,0
2020,Georgia,726,33,81,36,84,14,0,34,0,0,0,0,2,0,0,10,0,0,0,0,0,0,0,0,0,1,0,0,0,0,0,0,0
2021,Georgia,926,37,63,67,35,15,0,36,0,0,0,0,6,1,0,0,0,5,0,0,0,0,0,0,4,0,0,0,0,0,0,0,0
2007,Ghana,6,1,0,2.5,0,0,0,0,0,0,0,0,0,3,0,0,1,0.5,0,0,0,0,0,0,0,0,0,0,0,0,0,0,0
2008,Ghana,0,1,4,0,0,0,0,0,0,0,1,0,0,0,0,0,0,0,0,0,0,0,0,0,0,0,0,0,0,0,0,0,0
2012,Ghana,0,0,1.5,0,0.5,0.5,0,0,0,0,9,0,0,0,0,0,0,0,0,12,0,0,0,0,0,0,0,0,0,0,0,0,0
2016,Ghana,3,0,0,0,0,0,0,0,0,0,0,0,0,3.5,0,0,0,0,0,0,0,0,0,0,0,0,0,0,0,0,0,0,0
2017,Ghana,4,0,0,0,0,1,3,0,0,0,0,0,0,1,0,3,0,0,0,1,0,0,0,0,0,0,0,0,0,0,0,0,0
2018,Ghana,95,0,0,1,0,0,4,0,0,0,0,0,0,0,0,0,0,0,0,0,0,0,0,0,0,0,0,0,0,0,0,0,0
2019,Ghana,101,0,0,0,0,0,0,0,0,0,0,0,0,0,0,0,0,0,0,0,0,0,0,0,0,0,0,0,0,0,0,0,0
2020,Ghana,53,0,0,0,0,0,0,0,0,0,0,0,0,0,0,0,0,0,0,0,0,0,0,0,0,0,0,0,0,0,0,0,0
2021,Ghana,162,0,0,0,0,0,1,0,0,0,0,0,0,0,0,0,0,0,0,0,0,0,0,0,0,0,0,0,0,0,0,0,0
2016,Guinea,1,0,0,0,0,0,18,0,0,1,0,0,0,7,0,0,0,0,0,0,1,0,0,0,0,0,0,0,0,0,0,0,0
2017,Guinea,1,0,0,24,0,0,16,0,0,0,0,0,0,9,0,0,0,0,0,0,0,0,0,0,0,0,0,0,0,0,0,0,0
2018,Guinea,3,0,16,0,0,0,0,0,0,0,0,0,0,0,0,0,0,0,0,0,0,0,0,0,0,0,0,0,0,0,0,0,0
2019,Guinea,9,0,0,0,1,0,4,0,0,0,0,0,0,0,0,0,0,0,0,0,0,0,0,0,0,2,0,0,0,0,0,0,0
2020,Guinea,28,0,0,0,0,0,7,0,0,0,0,0,0,0,0,0,0,0,0,0,1,0,0,0,0,0,0,0,0,0,0,0,0
2021,Guinea,78,0,0,0,0,1,2,0,0,0,0,0,0,0,0,0,0,0,0,0,0,0,0,0,0,0,0,0,0,0,0,0,0
2018,Guinea-Bissau,0,0,0,0,0,0,0,0,0,0,0,0,0,2,0,0,0,0,0,0,0,0,0,0,0,0,0,0,0,0,0,0,0
2010,Iraq,0,0,0,0,0,90,0,0,0,27,0,20,0,0,17,0,0,0,0,0,0,0,0,0,0,0,0,0,0,0,0,0,0
2011,Iraq,0,0,0,0,0,71,0,0,0,34,0,8,0,0,9,8,0,0,0,0,0,3,0,0,0,0,0,0,0,0,0,0,0
2018,Iraq,4,0,0,0,0,0,0,0,0,0,0,0,0,0,0,0,0,0,0,0,0,0,0,0,0,0,0,0,0,0,0,0,0
2019,Iraq,0,0,0,0,0,0,0,0,0,0,0,0,0,0,0,4,0,0,0,0,0,4,0,0,0,0,0,0,0,0,0,0,0
2020,Iraq,21,0,0,0,0,0,0,0,0,5,0,0,0,0,0,5,0,0,1,0,0,0,0,0,0,0,0,0,0,0,0,0,0
2021,Iraq,21,0,0,0,0,0,0,0,0,0,0,0,0,0,0,0,0,0,0,0,0,0,0,0,0,0,0,0,0,0,0,0,0
2009,Ivory Coast,0.5,0,0,0,0,0,0,0,0,0,0,0,0,2.5,0,0,0,0,0,0,0,0,0,0,0,0,0,0,0,0,0,0,0
2015,Ivory Coast,0,3,0,5,2.5,0,0,1,0,6,0,0,0,1.5,0,0,1.5,0,9,0,0,0,0,0,0,0,0,0,0,0,0,0,0
2016,Ivory Coast,3,0,0,0,0,0,0,0,0,0,0,0,0,3.5,0,0,0,0,0,0,0,0,0,0,0,0,0,0,0,0,0,0,0
2017,Ivory Coast,0,0,0,0,0,0,0,0,0,0,0,0,0,3,0,0,0,0,0,0,0,0,0,0,0,0,0,0,0,0,0,0,0
2018,Ivory Coast,5,0,0,0,0,0,0,0,0,0,0,0,0,0,0,0,0,0,0,0,0,0,0,0,0,0,0,0,0,0,0,0,0
2019,Kenya,2,0,0,0,0,0,0,0,0,0,0,0,0,0,0,0,0,0,0,0,0,0,0,0,0,0,0,0,0,0,0,0,0
2007,Kosovo,0,1,7,0,20,0,1,0,0,0.5,0,8.5,0,0,2,0,0,0,0,0,0,0,0,0,0,0,0,0,0,0,0,0,0
2008,Kosovo,0,0,4,0,13,0,0,0,0,0,0,0,0,0,0,0,0,0,0,0,0,0,0,0,0,0,0,0,0,0,0,0,0
2009,Kosovo,3.5,0,15.5,0,56,9,0,0,10.5,1.5,0,0,2,0,1,0,0,2.5,0,0,0,0,0,0,0,0,0,0,0,0,0,0,0
2010,Kosovo,136.5,0,13,0,196.5,34,0,0,1,0,0,11.5,0.5,0,0,43,1.5,0,0,0,0,0,0,0,0,0,1,0,0,0,0,0,0
2011,Kosovo,181,0,10,0,85,25,4,0,0,47,0,0,0,0,0,0,0,0,0,0,0,0,1,0,0,0,2,0,0,0,0,0,0
2012,Kosovo,168,0,2,0,52,42,0,0,37,16,0,0,0,0,0,0,0,0,0,0,3,0,0,0,0,0,0,0,0,0,0,0,0
2013,Kosovo,51,0,6,0,33,35,0,0,18,3,0,0,0,0,0,2,0,0,0,0,0,0,0,0,0,0,0,0,0,0,0,0,0
2014,Kosovo,67,0,19,0,69,28,0,0,287,9,0,0,0,0,0,23,0,0,0,0,0,0,0,0,0,0,2,0,0,0,0,0,0
2015,Kosovo,729,0,41,0,275,31,4,0,340,0,0,0,1,0,0,34,0,0,0,0,1,0,0,0,0,0,1,0,0,0,4,0,0
2016,Kosovo,2035,0,3,0,141,36,13,0,65,0,0,0,4,0,0,33,0,11,0,0,0,4,0,0,0,0,0,0,0,0,0,0,1
2017,Kosovo,1700,0,0,0,70,35,10,0,7,0,0,0,1,0,0,9,0,22,0,0,0,0,0,0,0,0,0,0,0,0,0,0,0
2018,Kosovo,292,0,13,0,39,13,0,0,1,0,0,0,5,0,0,0,0,0,0,0,0,0,0,0,0,0,0,0,0,0,0,0,0
2019,Kosovo,368,0,0,0,17,0,0,0,0,0,0,0,0,0,0,0,0,0,0,0,0,0,0,0,0,0,0,1,0,0,0,0,0
2020,Kosovo,142,0,5,0,0,0,0,0,0,0,0,0,0,0,0,4,0,0,0,0,0,0,0,0,0,1,0,3,0,0,0,0,0
2021,Kosovo,259,0,13,0,7,6,1,0,0,0,0,0,0,0,0,0,0,5,0,0,0,0,0,0,0,0,0,0,0,0,0,0,0
2017,Kyrgyzstan,0,0,0,0,0,0,0,0,0,0,0,0,0,2,0,0,0,0,0,0,0,0,0,0,0,0,0,0,0,0,0,0,0
2016,Lebanon,0,0,0,0,0,0,0,0,0,53,0,0,0,0,0,0,0,0,0,0,0,0,0,0,0,0,0,0,0,0,0,0,0
2017,Lebanon,2,0,0,0,0,0,0,0,0,11,0,0,0,0,0,0,0,0,0,0,0,0,0,0,0,0,0,0,0,0,0,0,0
2018,Lebanon,4,0,0,0,0,0,0,0,0,0,0,0,0,0,0,0,0,0,0,0,0,0,0,0,0,0,0,0,0,0,0,0,0
2019,Lebanon,5,0,0,0,0,0,0,0,0,0,0,0,0,0,0,0,0,0,0,0,0,0,0,0,0,0,0,0,0,0,0,0,0
2013,Macedonia,94.5,0,1,1.5,0,27.5,0,0,0,0,0,0,0,0,0,5,0,0,0,0,0,0,0,0,0,0,0,0,0,0,0,0,0
2014,Macedonia,98.5,0,1.5,1.5,0,6,0,0,0,0,0,0,0,0,0,0,0,8.5,0,0,0,0,0,0,0,0,0,0,0,0,0,0,0
2015,Macedonia,129.5,0,0,0,0,20,0,0,0,0,0,0,12.5,0,0,0,0,0,0,0,0,0,0,0,0,0,0,0,0,0,0,0,0
2016,Macedonia,689,0,0,0,7,10.5,9,0,0.5,0,0,0,74.5,0,0,0,0,0,0,0,0,0,0,0,0,0,0,0,0,0,0,0,0
2017,Macedonia,916,0,0,0,29,0,0,0,0,0,0,0,153,0,0,0,0,0,0,0,0,0,0,0,0,0,0,0,0,0,0,0,0
2018,Macedonia,595,0,0,0,2,0,0,0,0,0,0,0,0,0,0,0,0,0,0,0,0,0,0,0,0,0,0,0,0,0,0,0,0
2017,Mali,2,0,0,0,0,0,0,0,0,0,0,0,0,0,0,0,0,0,0,0,0,0,0,0,0,0,0,0,0,0,0,0,0
2019,Mauritania,0,0,0,146,0,0,0,0,0,0,0,0,0,0,0,0,0,0,0,0,0,0,0,0,0,0,0,0,0,0,0,0,0
2020,Mauritania,0,0,0,184,0,0,0,0,0,0,0,0,0,0,0,0,0,0,0,0,0,0,0,0,0,0,0,0,0,0,0,0,0
2021,Mauritania,0,0,0,13,0,0,0,0,0,0,0,0,0,0,0,0,0,0,0,0,0,0,0,0,0,0,0,0,0,0,0,0,0
2016,Moldova,195,0,0,0,0,0,0,0,0,0,0,0,0,0,0,0,0,0,0,0,0,0,0,0,0,0,0,0,0,0,0,0,0
2017,Moldova,550,0,0,0,0,0,0,0,0,0,0,0,0,0,0,0,0,0,0,0,0,0,0,0,0,0,0,0,0,0,0,0,0
2018,Moldova,28,0,0,0,0,3,0,0,0,0,0,0,0,5,0,0,0,0,0,0,0,0,0,0,0,0,0,0,0,0,0,0,0
2019,Moldova,334,0,0,0,0,0,0,0,0,0,0,0,0,0,0,0,0,0,0,0,0,0,0,0,0,0,0,0,0,0,0,0,0
2020,Moldova,583,0,0,0,0,0,0,0,0,0,0,0,0,0,0,0,0,0,0,0,0,0,0,0,0,0,0,0,0,0,0,0,0
2021,Moldova,465,0,5,0,0,0,0,0,0,0,0,0,0,0,0,0,0,0,0,0,0,0,0,0,0,0,0,0,0,0,0,0,0
2008,Mongolia,0,0,0,0,0,35,0,0,0,3,0,0,0,0,0,0,6,0,0,0,0,0,0,0,0,0,0,0,0,0,0,0,0
2009,Mongolia,0,0,0,0,6,117,0,0,0,0,0,0,0,0,0,0,0,0,0,0,0,0,0,0,1,0,0,0,0,0,0,0,0
2019,Mongolia,0,0,0,0,6,0,0,0,0,0,0,0,0,1,0,0,0,0,0,0,0,0,0,0,0,0,0,0,0,0,0,0,0
2016,Montenegro,52,0,0,0,0,0,0,0,0,0,0,0,0,0,0,0,0,0,0,0,0,0,0,0,0,0,0,0,0,0,0,0,0
2017,Montenegro,97,0,0,0,0,0,0,0,0,0,0,0,0,0,0,0,0,14,0,0,0,0,0,0,0,0,0,0,0,0,0,0,0
2018,Montenegro,65,0,0,0,0,0,0,0,0,0,0,0,0,0,0,0,0,0,0,0,0,0,0,0,0,0,0,0,0,0,0,0,0
2019,Montenegro,34,0,0,0,0,0,0,0,0,0,0,0,0,0,0,0,0,0,0,0,0,0,0,0,0,0,0,0,0,0,0,0,0
2020,Montenegro,44,0,0,0,0,0,0,0,0,0,0,0,0,0,0,0,0,0,0,0,0,0,0,0,0,0,0,0,0,0,0,0,0
2021,Montenegro,42,0,0,0,0,0,0,0,0,0,0,0,0,0,0,0,0,0,0,0,0,0,0,0,0,0,0,0,0,0,0,0,0
2018,Morocco,0,0,0,0,1,0,0,0,0,0,0,0,0,0,0,0,0,0,0,0,0,0,0,0,0,0,0,0,0,0,0,0,0
2007,Nigeria,4,80,1,3,4,0,0,0,0,0,0,0,0,5,0,0,0,0,0,0,1,0,0,0,0,0,0,0,0,0,0,0,0
2008,Nigeria,11.5,40.5,9.5,14,7,0,5,0,0,0,19.5,24.5,0,10.5,28,0,4.5,5,0,0,0,0,0,0,0,0,0.5,0,0,0,0,0,0
2009,Nigeria,51.5,131,14.5,39,56,11.5,5.5,14,3,24.5,208,129,0,46,39,2,11.5,7,0,5,1,0,0,0,3,0,1,1,3,1,0,0,0
2010,Nigeria,47.5,85,10,54.5,104,8,2.5,66.5,12,37,100.5,123.5,0,0,18.5,7,6.5,5,0,16,0,0,0,0,2,0,0,2,1,0,0,0,0
2011,Nigeria,40,104,18.5,117.5,59,21.5,6,18,4.5,96.5,117.5,74.5,0,25.5,31.5,31,6,1,0,12,0,5.5,12,0,1,0,0,0,0,0,0,0,0
2012,Nigeria,42,169,15.5,42,56.5,14.5,0,22,1,55,56,0,0,0,24,8,4,2,3,36,2,0,3,0,1,0,0,0,0,0,0,0,0
2013,Nigeria,30,112,8,56,35,14,0,23,5,37,20,42,0,0,19,12,0,0,33,2,4,5,3,0,0,0,0,2,0,0,0,0,0
2014,Nigeria,8,119,13,26,3,11,2,13,0,83,0,41,1,7,13,13,2,0,16,16,1,13,3,1,0,0,1,0,0,0,0,0,0
2015,Nigeria,18,218,6,54,8.5,8,7,10,2,68,10,0,0,26.5,15,2,1.5,8,11,9,3,5,0,0,1,0,0,0,0,0,0,1,0
2016,Nigeria,16,151,2,19,35,15,19,12,22,36,0,0,0,45,15,0,2,0,0,4,0,4,1,1,0,0,1,0,0,0,0,0,0
2017,Nigeria,85,225,3,55,111,14,11,2,23,23,0,0,2,39,10,15,3,6,0,0,0,11,0,0,2,0,0,0,0,0,0,0,0
2018,Nigeria,130,149,3,35,182,9,19,1,7,13,0,0,1,18,18,9,0,9,4,0,0,0,0,2,0,0,1,1,0,0,0,0,0
2019,Nigeria,331,313,11,2,195,12,1,1,6,3,0,0,0,13,0,2,1,5,7,0,2,2,1,0,3,0,0,0,0,0,0,0,0
2020,Nigeria,83,30,0,0,71,4,2,1,4,1,0,0,0,0,0,0,2,7,1,0,1,0,0,0,0,8,1,0,0,0,0,0,0
2021,Nigeria,194,51,0,12,81,0,0,0,7,5,0,0,0,0,0,0,1,0,2,0,0,0,0,1,1,0,0,1,0,0,0,0,0
2019,North Macedonia,334,0,0,0,19,0,0,0,0,0,0,0,0,0,0,0,0,6,0,0,0,0,0,0,0,0,0,0,0,0,0,0,0
2020,North Macedonia,245,0,0,0,0,0,0,0,0,0,0,0,7,0,0,0,0,0,0,0,0,0,0,0,0,0,0,0,0,0,0,0,0
2021,North Macedonia,211,0,0,0,0,1,0,0,0,0,0,0,0,0,0,0,0,0,0,0,0,0,0,0,0,0,0,0,0,0,0,0,0
2007,Pakistan,0,0,3,2,0,0,0,0,0,0,0,0,0,6.5,0,0,0,0,0,0,0,0,0,0,0,0,0,0,0,0,0,0,0
2008,Pakistan,2,4,25,40,0,0,0,5,0,0,0,18,0,7,4,0,0,0,0,0,0,0,0,0,0,0,0,1,0,0,0,0,0
2011,Pakistan,0,0,3,29,0,0,0,0,0,11,13,25,0,0,0,0,0,0,1,0,0,0,2,0,0,0,0,0,0,0,0,0,0
2012,Pakistan,0,0,5,26,0,2,0,2,0,0,19,0,0,0,0,0,4,0,1,0,0,0,0,0,0,0,0,0,0,0,0,0,0
2013,Pakistan,1,0,4,37,0,4,4,31,3,11,7,0,0,1,0,2,3,0,5,0,2,0,1,0,0,0,0,0,0,0,0,0,0
2014,Pakistan,0,0,6,40,0,9,2,139,1,0,0,0,0,0,0,0,3,0,13,2,0,0,0,3,0,0,0,0,0,0,0,0,0
2015,Pakistan,1,0,0,17,19,0,0,39,0,0,0,0,0,4,4,0,3,0,45,0,0,0,1,0,0,0,0,0,0,0,0,0,0
2016,Pakistan,27,0,0,0,31,2,0,133,31,0,0,0,0,0,0,0,0,0,5,0,0,0,0,0,0,0,0,0,0,0,0,0,0
2017,Pakistan,94,5,2,0,59,8,23,139,35,0,0,0,0,2,0,2,6,0,8,0,1,0,0,2,0,0,7,2,0,0,0,0,0
2018,Pakistan,277,2,0,0,34,15,1,46,7,0,0,0,0,1,0,4,6,0,1,0,0,0,0,0,0,0,0,1,0,0,0,0,0
2019,Pakistan,355,14,3,0,31,9,0,22,1,0,16,0,0,2,0,6,2,0,0,0,0,0,0,0,0,0,0,1,0,0,0,0,0
2020,Pakistan,225,0,0,0,20,3,0,61,0,0,0,0,0,0,0,0,5,0,0,0,0,0,0,0,0,0,0,0,0,0,0,0,0
2021,Pakistan,408,0,0,0,26,1,0,107,0,0,0,0,0,1,0,0,2,0,1,0,7,0,0,0,0,0,0,1,0,0,0,0,0
2017,Peru,0,0,0,15,0,0,0,0,0,0,0,0,0,0,0,0,0,0,0,0,0,0,0,0,0,0,0,0,0,0,0,0,0
2018,Peru,0,0,0,5,0,0,0,0,0,0,0,0,0,0,0,0,0,0,0,0,0,0,0,0,0,0,0,0,0,0,0,0,0
2021,Peru,0,0,0,56,0,0,0,0,1,0,0,0,0,0,0,0,0,0,0,0,0,0,1,0,0,0,0,0,0,0,0,0,0
2014,Russia,0,0,0,0,0,0,0,0,0,0,0,0,0,2,0,0,40,0,0,0,0,0,0,0,0,0,0,0,0,0,0,0,0
2015,Russia,0,0,0,0,0,0,0,0,0,0,0,0,0,7,0,0,4,0,0,0,0,0,0,0,0,0,0,0,0,0,0,0,0
2016,Russia,10,0,0,0,0,0,0,0,0,0,0,0,0,5,0,0,0,0,1,0,0,0,0,0,0,0,0,0,0,0,0,0,0
2017,Russia,50,0,0,0,33,0,0,0,1,0,0,0,0,0,0,0,0,0,0,0,0,0,0,0,0,0,0,0,0,0,0,0,0
2018,Russia,192,0,0,0,90,4,0,0,0,0,0,0,0,5,0,0,0,0,0,0,0,0,0,0,0,0,0,0,0,0,0,0,0
2019,Russia,316,0,0,0,28,2,0,0,0,1,0,0,0,0,0,0,0,0,0,0,0,0,0,0,0,0,0,0,0,0,0,0,0
2020,Russia,41,0,0,0,25,0,0,0,0,0,0,0,0,0,0,0,0,0,0,0,0,0,0,0,0,0,0,0,0,0,0,0,0
2021,Russia,222,0,0,0,42,0,5,0,0,0,0,0,0,0,0,0,0,0,1,0,0,0,0,0,0,0,0,0,0,0,0,0,0
2018,Senegal,3,0,0,203,0,0,0,0,0,0,0,0,0,0,0,0,0,0,0,0,0,0,0,0,0,0,0,0,0,0,0,0,0
2019,Senegal,12,0,0,0,0,0,0,0,0,0,0,0,0,0,0,0,0,0,0,0,0,0,0,0,0,0,0,0,0,0,0,0,0
2021,Senegal,15,0,0,1,0,0,0,0,0,0,0,0,0,0,0,0,0,0,0,0,0,0,0,0,0,0,0,0,0,0,0,0,0
2011,Serbia,160,0,6,0,0,14,9,0,0,7,0,0,0,0,0,0,0,0,0,0,0,0,0,0,0,0,0,0,0,0,0,0,0
2012,Serbia,405,3,8,0,0,126,5,0,0,0,0,0,0,0,0,0,0,31,0,0,0,0,0,0,0,0,0,0,0,0,0,0,0
2013,Serbia,248.5,0,1,6.5,0,89.5,0,0,0,0,5,0,1,0,0,5,0,0,0,0,0,0,0,0,0,0,0,0,0,0,0,0,0
2014,Serbia,169.5,0,1.5,1.5,0,41,0,0,0,0,0,0,0,0,0,0,0,16.5,0,0,0,0,0,0,0,0,0,0,0,0,0,0,0
2015,Serbia,171.5,0,0,0,0,12.5,3,0,0,0,0,0,0,0,9,0,0,0,0,0,0,0,0,0,0,0,0,0,0,0,0,0,0
2016,Serbia,1503.5,0,0,6.5,0,36,10,11,0,0,0,0,1.5,0,0.5,5.5,0,0,0.5,0,0,1,0,0,0,0,0,0,0,0,0,0,0
2017,Serbia,1722,0,0,0,28,0,15,0,0,0,0,0,3,0,0,0,0,16,0,0,0,0,0,0,0,0,0,0,0,0,0,0,0
2018,Serbia,1078,0,4,0,23,1,0,0,0,0,0,0,16,0,0,0,0,0,0,0,0,0,0,0,0,0,0,0,0,0,0,0,0
2019,Serbia,569,0,0,0,12,0,0,0,0,0,0,0,0,0,0,0,0,0,0,0,0,0,0,0,0,0,0,0,0,0,0,0,0
2020,Serbia,479,0,0,0,0,0,0,0,0,0,0,0,0,0,0,0,0,0,0,0,0,0,0,0,0,0,0,0,0,0,0,0,0
2021,Serbia,446,0,1,0,0,1,0,0,0,0,0,0,0,0,0,0,0,0,0,0,0,0,0,0,0,0,0,0,0,0,0,0,0
2016,Somalia,0,0,0,0,0,0,0,0,0,0,0,0,0,0,0,0,0,0,0,0,0,2,0,0,0,0,0,0,0,0,0,0,0
2018,Somalia,4,0,0,0,0,0,0,0,0,0,0,0,0,0,0,0,0,0,0,0,0,0,0,0,0,0,0,0,0,0,0,0,0
2019,Somalia,6,0,0,0,0,0,0,0,0,0,0,0,0,0,0,0,0,0,0,0,0,0,0,0,0,0,0,0,0,0,0,0,0
2016,Sri Lanka,2,0,0,0,0,0,0,0,0,0,0,0,0,5,0,0,0,0,0,0,0,0,0,2,0,0,0,0,0,0,0,0,0
2017,Sri Lanka,1,0,0,0,0,5,0,0,0,0,0,0,0,0,0,0,0,0,23,0,0,0,0,0,0,0,0,0,0,0,0,0,0
2018,Sri Lanka,0,0,0,0,0,0,0,0,0,0,0,0,0,11,0,0,0,0,0,0,0,0,0,0,0,0,0,0,0,0,0,0,0
2021,Sri Lanka,39,0,0,0,1,0,0,0,0,0,0,0,0,12,0,0,0,0,0,0,0,0,0,0,0,0,0,0,0,0,0,0,0
2016,Sudan,0,40,0,0,0,0,0,0.5,2,1,0,0,0,3.5,0,0,0.5,0,0,0,0,0,0,0,0,0,0,0,0,0,0,0,0
2017,Sudan,0,0,0,0,0,0,0,0,0,2,0,0,0,4,0,0,0,0,0,0,0,0,0,0,0,0,0,0,0,0,0,0,0
2018,Sudan,0,0,0,0,0,0,0,0,0,0,0,0,0,5,0,0,0,0,0,0,0,0,0,0,0,0,0,0,0,0,0,0,0
2019,Sudan,1,0,0,0,0,0,0,0,0,0,0,0,0,5,0,0,0,0,0,0,0,0,0,0,0,0,0,0,0,0,0,0,0
2007,Togo,14,0,3,1,0,0,0,0,0,0,0,0,0,4,7,0,0.5,0.5,0,0,0,0,0,0,0,0,0,0,0,0,0,0,0
2009,Togo,0.5,0,0,0,0,0,0,0,0,0,0,0,0,2.5,0,0,0,0,0,0,0,0,0,0,0,0,0,0,0,0,0,0,0
2016,Togo,2,0,0,0,0,0,0,0,0,0,0,0,0,0,0,0,0,0,0,0,0,0,0,0,0,0,0,0,0,0,0,0,0
2017,Togo,1,0,0,0,0,0,0,0,0,0,0,0,0,0,0,0,0,0,0,0,0,0,0,0,0,0,0,0,0,0,0,0,0
2018,Togo,2,0,0,0,0,0,0,0,0,0,0,0,0,0,0,0,0,0,0,0,0,0,0,0,0,0,0,0,0,0,0,0,0
2016,Tunisia,60,609,0,0,0,0,0,0,0,0,0,0,0,0,0,0,0,0,0,0,0,0,0,0,0,0,0,0,0,0,0,0,0
2017,Tunisia,189,1580,0,0,0,0,0,0,0,0,0,0,0,0,0,0,0,0,0,0,0,0,0,0,0,0,0,0,0,0,0,0,0
2018,Tunisia,233,1835,0,0,0,0,0,0,0,0,0,0,0,0,0,0,0,0,0,0,0,0,0,0,0,0,0,0,0,0,0,0,0
2019,Tunisia,247,1345,0,0,0,0,0,0,0,0,0,0,0,0,0,0,0,0,0,0,0,0,0,0,0,0,0,0,0,0,0,0,0
2020,Tunisia,140,1230,0,0,0,0,0,0,0,0,0,0,0,0,0,0,0,0,0,0,0,0,0,0,0,0,0,0,0,0,0,0,0
2021,Tunisia,227,1799,0,0,0,0,0,0,0,0,0,0,0,0,0,0,0,0,0,0,0,0,0,0,0,0,0,0,0,0,0,0,0
2016,Turkey,0,0,0,0,7,0,0,0,0,0,0,0,0,0,0,0,0,0,0,0,0,0,0,0,0,0,0,0,0,0,0,0,0
2018,Turkey,1,0,0,0,0,0,0,0,0,0,0,0,0,0,0,0,0,0,0,0,0,0,0,0,0,0,0,0,0,0,0,0,0
2019,Turkey,20,0,0,0,0,0,0,0,0,0,0,0,0,0,0,1,0,0,0,0,0,0,0,0,0,0,0,0,0,0,0,0,0
2020,Turkey,0,0,0,0,0,0,0,0,0,0,0,0,0,0,0,4,0,0,0,0,0,0,0,0,0,0,0,0,0,0,0,0,0
2021,Turkey,0,0,0,0,20,0,0,0,0,0,0,0,0,0,0,0,0,0,0,0,0,0,0,0,0,0,0,0,0,0,0,0,0
2010,Ukraine,0,13,3,30,0,0,0,0,0,0,0,0,0,0,0,0,0,0,0,0,0,0,0,0,0,0,0,0,0,0,0,0,0
2011,Ukraine,0,0,4.5,56,0,3.5,0,0,0.5,2,6.5,0,0,0,0,0,0,0,0,0,0,0,1.5,0,0,0,0,0,0,0,0,0,0
2012,Ukraine,4.5,5,5,33.5,9.5,0.5,0,0,0.5,4,4,0,0,0,0,0,0,0,0,0,0,0,1,0,0,0,0,0,0,0,0,0,0
2013,Ukraine,2,3,3.5,25,0,1,0,2,0,0,3.5,0,0,1,0,0,5,0,0,0,0,0,1,0,0,0,0,0,0,0,0,0,0
2017,Ukraine,13,0,6,6,20,0,0,0,0,0,0,0,0,5,0,0,0,0,0,0,0,0,0,0,0,0,0,0,0,0,0,0,0
2018,Ukraine,68,0,0,5,0,0,0,0,0,0,0,0,0,7,0,0,0,0,0,0,0,0,0,0,0,0,0,0,0,0,0,0,0
2019,Ukraine,83,0,0,0,0,0,0,0,0,0,0,0,0,0,0,0,0,0,0,0,0,0,0,0,0,0,0,0,0,0,0,0,0
2020,Ukraine,155,0,0,0,0,0,0,0,0,0,0,0,0,0,0,0,0,0,0,0,0,0,0,0,0,1,0,0,0,0,0,0,0
2021,Ukraine,183,0,0,7,0,1,0,0,0,2,0,0,0,0,0,0,0,0,0,0,0,0,0,0,0,0,0,0,0,0,0,0,0
2012,Uzbekistan,0,0,0,0,0,5,0,0,0,0,0,0,0,0,0,1,0,0,0,0,0,0,0,0,0,0,0,0,0,0,0,0,0
2019,Uzbekistan,0,0,0,0,14,0,0,0,0,0,0,0,0,0,0,0,0,0,0,0,0,0,0,0,0,0,0,0,0,0,0,0,0
2009,Vietnam,83,0,0,0,0,0,0,0,0,0,0,0,0,0,0,0,29,0,0,0,0,0,0,0,0,0,0,0,0,0,0,0,0
2020,Vietnam,0,0,0,0,0,0,0,0,0,0,0,0,0,0,0,0,14,0,0,0,25,0,0,0,8,2,0,0,0,0,0,0,0
2021,Vietnam,0,0,0,0,0,5,0,0,2,4,0,0,0,0,0,0,13,0,0,0,0,0,0,1,5,0,0,0,0,0,0,0,0
